箱号,箱型,码头名称,进场时间,出场时间,营运人,船名,车队,目的港
RDMU2002133, 20DC_F, 晋江太平洋, 2015-02-08 13:07, 2015-02-08 13:07, 锦程, 嘉华6, 天洲车队, 
RDMU2002133, 20DC_F, 晋江太平洋, 2015-01-14 21:48, 2015-01-14 21:48, 锦程, 嘉华6, , 
RDMU2002149, 20DC_F, 晋江太平洋, 2014-03-09 22:19, 2014-03-09 22:19, 锦程, 嘉华6, , 
RDMU2002149, 20DC_F, 晋江太平洋, 2014-02-21 10:14, 2014-02-21 10:14, 锦程, 嘉华6, 成发汽运, 
RDMU2002149, 20DC_F, 晋江太平洋, 2014-02-19 16:48, 2014-02-19 16:48, 锦程, 嘉荣36, 成发汽运, 
RDMU2002149, 20DC_F, 晋江太平洋, 2014-02-19 13:04, 2014-02-19 13:04, 锦程, 嘉荣36, , 
RDMU2002302, 20DC_E, 晋江太平洋, 2013-08-14 21:48, 2013-08-14 21:48, 锦程, 新锦程12, , 
RDMU2002302, 20DC_E, 晋江太平洋, 2013-08-08 17:21, 2013-08-08 17:21, 锦程, 嘉华6, 宏兴车队, 
RDMU2002302, 20DC_F, 晋江太平洋, 2013-08-07 16:44, 2013-08-07 16:44, 锦程, 嘉华6, 宏兴车队, 
RDMU2002302, 20DC_F, 晋江太平洋, 2013-08-06 08:29, 2013-08-06 08:29, 锦程, 嘉华6, , 
RDMU2002318, 20DC_E, 晋江太平洋, 2014-07-25 12:02, 2014-07-25 12:02, 锦程, 新锦程2, , 
RDMU2002318, 20DC_E, 晋江太平洋, 2014-04-29 14:30, 2014-04-29 14:30, 锦程, 嘉荣36, 健德物流, 
RDMU2002318, 20DC_F, 晋江太平洋, 2014-04-28 19:50, 2014-04-28 19:50, 锦程, 嘉荣36, 健德物流, 
RDMU2002318, 20DC_F, 晋江太平洋, 2014-04-27 20:02, 2014-04-27 20:02, 锦程, 嘉荣36, , 
RDMU2002447, 20DC_F, 晋江太平洋, 2015-03-05 09:24, 2015-03-05 09:24, 锦程, 新锦程15, , 
RDMU2002447, 20DC_F, 晋江太平洋, 2015-02-17 10:07, 2015-02-17 10:07, 锦程, 新锦程15, , 
RDMU2002468, 20DC_E, 晋江太平洋, 2014-10-29 18:08, 2014-10-29 18:08, 锦程, 新锦程5, , 
RDMU2002468, 20DC_E, 晋江太平洋, 2014-10-27 12:07, 2014-10-27 12:07, 锦程, 新锦程12, 成发汽运, 
RDMU2002468, 20DC_F, 晋江太平洋, 2014-10-27 09:50, 2014-10-27 09:50, 锦程, 新锦程12, 成发汽运, 
RDMU2002468, 20DC_F, 晋江太平洋, 2014-10-23 08:24, 2014-10-23 08:24, 锦程, 新锦程12, , 
RDMU2002730, 20DC_E, 晋江太平洋, 2014-12-21 14:43, 2014-12-21 14:43, 锦程, 新锦程15, , 
RDMU2002730, 20DC_E, 晋江太平洋, 2014-12-18 01:08, 2014-12-18 01:08, 锦程, 嘉荣36, , 
RDMU2010519, 20DC_E, 晋江太平洋, 2014-11-11 16:00, 2014-11-11 16:00, 锦程, 新锦程12, , 
RDMU2010519, 20DC_E, 晋江太平洋, 2014-11-01 11:51, 2014-11-01 11:51, 锦程, 新锦程5, 成发汽运, 
RDMU2010519, 20DC_F, 晋江太平洋, 2014-10-31 15:22, 2014-10-31 15:22, 锦程, 新锦程5, 成发汽运, 
RDMU2010519, 20DC_F, 晋江太平洋, 2014-10-29 14:10, 2014-10-29 14:10, 锦程, 新锦程5, , 
RDMU2010524, 20DC_F, 晋江太平洋, 2015-03-14 14:08, 2015-03-14 14:08, 锦程, 新锦程2, 恒星车队, 
RDMU2010524, 20DC_F, 晋江太平洋, 2015-02-12 02:49, 2015-02-12 02:49, 锦程, 新锦程2, , 
RDMU2010545, 20DC_E, 晋江太平洋, 2014-07-08 14:57, 2014-07-08 14:57, 锦程, 新锦程2, , 
RDMU2010545, 20DC_E, 晋江太平洋, 2014-06-24 07:10, 2014-06-24 07:10, 锦程, 嘉荣36, , 
RDMU2010566, 20DC_E, 晋江太平洋, 2015-01-14 01:42, 2015-01-14 01:42, 锦程, 新锦程1, , 
RDMU2010566, 20DC_E, 晋江太平洋, 2014-12-25 12:05, 2014-12-25 12:05, 锦程, 新锦程15, 恒星车队, 
RDMU2010566, 20DC_F, 晋江太平洋, 2014-12-25 08:57, 2014-12-25 08:57, 锦程, 新锦程15, 恒星车队, 
RDMU2010566, 20DC_F, 晋江太平洋, 2014-12-21 08:54, 2014-12-21 08:54, 锦程, 新锦程15, , 
RDMU2010587, 20DC_E, 晋江太平洋, 2014-11-29 08:15, 2014-11-29 08:15, 锦程, 新锦程2, , 
RDMU2010587, 20DC_E, 晋江太平洋, 2014-08-28 18:38, 2014-08-28 18:38, 锦程, 嘉荣36, 恒星车队, 
RDMU2010587, 20DC_F, 晋江太平洋, 2014-08-26 09:58, 2014-08-26 09:58, 锦程, 嘉荣36, 恒星车队, 
RDMU2010587, 20DC_F, 晋江太平洋, 2014-08-23 01:21, 2014-08-23 01:21, 锦程, 嘉荣36, , 
RDMU2010648, 20DC_E, 晋江太平洋, 2014-12-21 14:32, 2014-12-21 14:32, 锦程, 新锦程15, , 
RDMU2010648, 20DC_E, 晋江太平洋, 2014-12-17 23:47, 2014-12-17 23:47, 锦程, 嘉荣36, , 
RDMU2010714, 20DC_E, 晋江太平洋, 2014-01-12 18:29, 2014-01-12 18:29, 锦程, 锦程3, , 
RDMU2010714, 20DC_E, 晋江太平洋, 2014-01-09 08:29, 2014-01-09 08:29, 锦程, 锦程3, 天洲车队, 
RDMU2010714, 20DC_F, 晋江太平洋, 2014-01-08 21:25, 2014-01-08 21:25, 锦程, 锦程3, 天洲车队, 
RDMU2010714, 20DC_F, 晋江太平洋, 2013-12-31 01:01, 2013-12-31 01:01, 锦程, 锦程3, , 
RDMU2010735, 20DC_E, 晋江太平洋, 2014-07-06 21:14, 2014-07-06 21:14, 锦程, 新锦程12, , 
RDMU2010735, 20DC_E, 晋江太平洋, 2014-06-21 08:51, 2014-06-21 08:51, 锦程, 嘉华6, 天洲车队, 
RDMU2010735, 20DC_F, 晋江太平洋, 2014-06-20 19:23, 2014-06-20 19:23, 锦程, 嘉华6, 天洲车队, 
RDMU2010735, 20DC_F, 晋江太平洋, 2014-06-12 05:23, 2014-06-12 05:23, 锦程, 嘉华6, , 
RDMU2010777, 20DC_E, 晋江太平洋, 2015-02-12 10:47, 2015-02-12 10:47, 锦程, 新锦程2, , 
RDMU2010777, 20DC_E, 晋江太平洋, 2015-01-18 13:25, 2015-01-18 13:25, 锦程, 新锦程1, , 
RDMU2010777, 20DC_F, 晋江太平洋, 2015-01-17 15:24, 2015-01-17 15:24, 锦程, 新锦程1, , 
RDMU2010777, 20DC_F, 晋江太平洋, 2015-01-13 15:50, 2015-01-13 15:50, 锦程, 新锦程1, , 
RDMU2010870, 20DC_F, 晋江太平洋, 2015-02-11 16:06, 2015-02-11 16:06, 锦程, 新锦程12, , 
RDMU2010870, 20DC_F, 晋江太平洋, 2015-01-27 15:10, 2015-01-27 15:10, 锦程, 新锦程12, , 
RDMU2010946, 20DC_E, 晋江太平洋, 2014-09-23 14:38, 2014-09-23 14:38, 锦程, 新锦程2, , 
RDMU2010946, 20DC_E, 晋江太平洋, 2014-08-29 08:23, 2014-08-29 08:23, 锦程, 嘉华6, 恒星三队, 
RDMU2010946, 20DC_F, 晋江太平洋, 2014-08-28 16:22, 2014-08-28 16:22, 锦程, 嘉华6, 恒星三队, 
RDMU2010946, 20DC_F, 晋江太平洋, 2014-08-21 18:37, 2014-08-21 18:37, 锦程, 嘉华6, , 
RDMU2010988, 20DC_E, 晋江太平洋, 2013-09-11 05:19, 2013-09-11 05:19, 锦程, 新锦程5, , 
RDMU2010988, 20DC_E, 晋江太平洋, 2013-07-27 10:18, 2013-07-27 10:18, 锦程, 嘉华6, 成发汽运, 
RDMU2010988, 20DC_F, 晋江太平洋, 2013-07-26 18:27, 2013-07-26 18:27, 锦程, 嘉华6, 成发汽运, 
RDMU2010988, 20DC_F, 晋江太平洋, 2013-07-25 23:27, 2013-07-25 23:27, 锦程, 嘉华6, , 
RDMU2010993, 20DC_F, 晋江太平洋, 2014-10-09 14:17, 2014-10-09 14:17, 锦程, 新锦程2, , 
RDMU2010993, 20DC_F, 晋江太平洋, 2014-10-08 18:46, 2014-10-08 18:46, 锦程, 新锦程2, 恒星车队, 
RDMU2010993, 20DC_F, 晋江太平洋, 2014-10-04 10:18, 2014-10-04 10:18, 锦程, 嘉荣36, 恒星车队, 
RDMU2010993, 20DC_F, 晋江太平洋, 2014-10-01 19:51, 2014-10-01 19:51, 锦程, 嘉荣36, , 
RDMU2003314, 20DC_F, 晋江太平洋, 2015-04-27 01:26, 2015-04-27 01:26, 中良海运, 丰顺68, , 
RDMU2003314, 20DC_F, 晋江太平洋, 2015-04-26 10:23, 2015-04-26 10:23, 中良海运, 昊运6, , 
RDMU2003382, 20DC_E, 晋江太平洋, 2014-11-29 08:12, 2014-11-29 08:12, 锦程, 新锦程2, , 
RDMU2003382, 20DC_E, 晋江太平洋, 2014-08-29 08:38, 2014-08-29 08:38, 锦程, 嘉华6, , 
RDMU2003382, 20DC_F, 晋江太平洋, 2014-08-28 16:07, 2014-08-28 16:07, 锦程, 嘉华6, , 
RDMU2003382, 20DC_F, 晋江太平洋, 2014-08-21 16:00, 2014-08-21 16:00, 锦程, 嘉华6, , 
RDMU2003485, 20DC_F, 晋江太平洋, 2013-06-12 06:16, 2013-06-12 06:16, 锦程, 嘉荣36, , 
RDMU2003485, 20DC_F, 晋江太平洋, 2013-05-29 20:05, 2013-05-29 20:05, 锦程, 嘉荣36, , 
RDMU2003485, 20DC_F, 晋江太平洋, 2013-05-28 18:21, 2013-05-28 18:21, 锦程, 嘉荣1, , 
RDMU2003485, 20DC_F, 晋江太平洋, 2013-05-18 00:16, 2013-05-18 00:16, 锦程, 嘉荣1, , 
RDMU2003546, 20DC_E, 晋江太平洋, 2014-10-09 13:16, 2014-10-09 13:16, 锦程, 新锦程2, , 
RDMU2003546, 20DC_E, 晋江太平洋, 2014-09-27 15:28, 2014-09-27 15:28, 锦程, 新锦程2, 成发汽运, 
RDMU2003546, 20DC_F, 晋江太平洋, 2014-09-27 10:40, 2014-09-27 10:40, 锦程, 新锦程2, 成发汽运, 
RDMU2003546, 20DC_F, 晋江太平洋, 2014-09-07 01:20, 2014-09-07 01:20, 锦程, 新锦程2, , 
RDMU2003649, 20DC_E, 晋江太平洋, 2014-09-23 22:18, 2014-09-23 22:18, 锦程, 新锦程2, , 
RDMU2003649, 20DC_E, 晋江太平洋, 2014-09-01 09:56, 2014-09-01 09:56, 锦程, 新锦程15, , 
RDMU2003649, 20DC_F, 晋江太平洋, 2014-08-31 15:54, 2014-08-31 15:54, 锦程, 新锦程15, , 
RDMU2003649, 20DC_F, 晋江太平洋, 2014-08-26 13:50, 2014-08-26 13:50, 锦程, 新锦程15, , 
RDMU2003680, 20DC_E, 晋江太平洋, 2014-10-29 16:15, 2014-10-29 16:15, 锦程, 新锦程5, , 
RDMU2003680, 20DC_E, 晋江太平洋, 2014-10-26 09:30, 2014-10-26 09:30, 锦程, 新锦程12, , 
RDMU2003680, 20DC_F, 晋江太平洋, 2014-10-25 13:53, 2014-10-25 13:53, 锦程, 新锦程12, , 
RDMU2003680, 20DC_F, 晋江太平洋, 2014-10-23 07:44, 2014-10-23 07:44, 锦程, 新锦程12, , 
RDMU2003741, 20DC_E, 晋江太平洋, 2014-09-17 00:59, 2014-09-17 00:59, 锦程, 嘉华6, , 
RDMU2003741, 20DC_E, 晋江太平洋, 2014-08-24 09:20, 2014-08-24 09:20, 锦程, 嘉华6, , 
RDMU2003741, 20DC_F, 晋江太平洋, 2014-08-23 18:06, 2014-08-23 18:06, 锦程, 嘉华6, , 
RDMU2003741, 20DC_F, 晋江太平洋, 2014-08-21 20:51, 2014-08-21 20:51, 锦程, 嘉华6, , 
RDMU2004049, 20DC_E, 晋江太平洋, 2014-07-25 01:19, 2014-07-25 01:19, 锦程, 新锦程2, , 
RDMU2004049, 20DC_E, 晋江太平洋, 2014-07-11 09:07, 2014-07-11 09:07, 锦程, 锦程3, , 
RDMU2004049, 20DC_F, 晋江太平洋, 2014-07-10 14:05, 2014-07-10 14:05, 锦程, 锦程3, , 
RDMU2004049, 20DC_F, 晋江太平洋, 2014-06-30 17:16, 2014-06-30 17:16, 锦程, 锦程3, , 
RDMU2005404, 20DC_F, 晋江太平洋, 2014-06-23 16:06, 2014-06-23 16:06, 锦程, 新锦程5, , 
RDMU2005404, 20DC_F, 晋江太平洋, 2014-06-20 14:54, 2014-06-20 14:54, 锦程, 新锦程5, , 
RDMU2005404, 20DC_F, 晋江太平洋, 2014-06-19 15:53, 2014-06-19 15:53, 锦程, 嘉华6, , 
RDMU2005404, 20DC_F, 晋江太平洋, 2014-06-12 05:25, 2014-06-12 05:25, 锦程, 嘉华6, , 
RDMU2005430, 20DC_E, 晋江太平洋, 2014-09-23 08:08, 2014-09-23 08:08, 锦程, 新锦程2, , 
RDMU2005430, 20DC_E, 晋江太平洋, 2014-09-18 15:15, 2014-09-18 15:15, 锦程, 嘉华6, 天洲车队, 
RDMU2005430, 20DC_F, 晋江太平洋, 2014-09-18 12:43, 2014-09-18 12:43, 锦程, 嘉华6, 天洲车队, 
RDMU2005430, 20DC_F, 晋江太平洋, 2014-09-16 21:28, 2014-09-16 21:28, 锦程, 嘉华6, , 
RDMU2005718, 20DC_E, 晋江太平洋, 2014-09-23 07:08, 2014-09-23 07:08, 锦程, 新锦程15, , 
RDMU2005718, 20DC_E, 晋江太平洋, 2014-07-07 08:56, 2014-07-07 08:56, 锦程, 锦程3, 天洲车队, 
RDMU2005718, 20DC_F, 晋江太平洋, 2014-07-06 18:44, 2014-07-06 18:44, 锦程, 锦程3, 天洲车队, 
RDMU2005718, 20DC_F, 晋江太平洋, 2014-06-30 18:41, 2014-06-30 18:41, 锦程, 锦程3, , 
RDMU2005723, 20DC_F, 晋江太平洋, 2014-03-18 09:57, 2014-03-18 09:57, 锦程, 锦集7, , 
RDMU2005723, 20DC_F, 晋江太平洋, 2014-03-12 20:13, 2014-03-12 20:13, 锦程, 锦集7, , 
RDMU2005723, 20DC_F, 晋江太平洋, 2014-03-12 12:10, 2014-03-12 12:10, 锦程, 嘉华6, , 
RDMU2005723, 20DC_F, 晋江太平洋, 2014-03-09 20:33, 2014-03-09 20:33, 锦程, 嘉华6, , 
RDMU2005739, 20DC_E, 晋江太平洋, 2014-11-11 22:06, 2014-11-11 22:06, 锦程, 新锦程12, , 
RDMU2005739, 20DC_E, 晋江太平洋, 2014-11-02 11:55, 2014-11-02 11:55, 锦程, 新锦程5, 成发汽运, 
RDMU2005739, 20DC_F, 晋江太平洋, 2014-11-01 14:06, 2014-11-01 14:06, 锦程, 新锦程5, 成发汽运, 
RDMU2005739, 20DC_F, 晋江太平洋, 2014-10-29 14:41, 2014-10-29 14:41, 锦程, 新锦程5, , 
RDMU2005810, 20DC_E, 晋江太平洋, 2015-02-12 08:36, 2015-02-12 08:36, 锦程, 新锦程2, , 
RDMU2005810, 20DC_E, 晋江太平洋, 2015-02-03 10:01, 2015-02-03 10:01, 锦程, 新锦程1, 成发汽运, 
RDMU2005810, 20DC_F, 晋江太平洋, 2015-02-02 15:48, 2015-02-02 15:48, 锦程, 新锦程1, 成发汽运, 
RDMU2005810, 20DC_F, 晋江太平洋, 2015-01-13 16:15, 2015-01-13 16:15, 锦程, 新锦程1, , 
RDMU2002030, 20DC_F, 晋江太平洋, 2014-08-23 06:54, 2014-08-23 06:54, 锦程, 嘉荣36, , 
RDMU2002030, 20DC_F, 晋江太平洋, 2014-08-18 10:04, 2014-08-18 10:04, 锦程, 嘉荣36, , 
RDMU2002030, 20DC_E, 晋江太平洋, 2014-08-17 16:57, 2014-08-17 16:57, 锦程, 嘉荣36, , 
RDMU2002030, 20DC_E, 晋江太平洋, 2014-08-07 15:07, 2014-08-07 15:07, 锦程, 嘉荣36, 成发汽运, 
RDMU2002030, 20DC_F, 晋江太平洋, 2014-08-02 12:21, 2014-08-02 12:21, 锦程, 嘉荣36, 成发汽运, 
RDMU2002030, 20DC_F, 晋江太平洋, 2014-07-31 23:46, 2014-07-31 23:46, 锦程, 嘉荣36, , 
RDMU2002236, 20DC_F, 晋江太平洋, 2014-06-07 05:50, 2014-06-07 05:50, 锦程, 新锦程2, , 
RDMU2002236, 20DC_F, 晋江太平洋, 2014-06-05 16:37, 2014-06-05 16:37, 锦程, 新锦程2, , 
RDMU2002236, 20DC_F, 晋江太平洋, 2014-06-04 20:28, 2014-06-04 20:28, 锦程, 新锦程1, , 
RDMU2002236, 20DC_F, 晋江太平洋, 2014-06-03 06:25, 2014-06-03 06:25, 锦程, 新锦程1, , 
RDMU2002811, 20DC_F, 晋江太平洋, 2014-10-26 13:13, 2014-10-26 13:13, 锦程, 嘉荣36, , 
RDMU2002811, 20DC_F, 晋江太平洋, 2014-10-20 16:29, 2014-10-20 16:29, 锦程, 嘉荣36, 成发汽运, 
RDMU2002811, 20DC_F, 晋江太平洋, 2014-10-19 10:34, 2014-10-19 10:34, 锦程, 嘉荣36, 成发汽运, 
RDMU2002811, 20DC_F, 晋江太平洋, 2014-10-18 13:38, 2014-10-18 13:38, 锦程, 嘉荣36, , 
RDMU2002827, 20DC_E, 晋江太平洋, 2014-09-17 00:56, 2014-09-17 00:56, 锦程, 嘉华6, , 
RDMU2002827, 20DC_E, 晋江太平洋, 2014-09-06 08:25, 2014-09-06 08:25, 锦程, 嘉华6, 宏兴车队, 
RDMU2002827, 20DC_F, 晋江太平洋, 2014-09-05 19:00, 2014-09-05 19:00, 锦程, 嘉华6, 宏兴车队, 
RDMU2002827, 20DC_F, 晋江太平洋, 2014-09-03 14:48, 2014-09-03 14:48, 锦程, 嘉华6, , 
RDMU2002832, 20DC_E, 晋江太平洋, 2014-09-23 15:25, 2014-09-23 15:25, 锦程, 新锦程2, , 
RDMU2002832, 20DC_E, 晋江太平洋, 2014-09-20 10:53, 2014-09-20 10:53, 锦程, 嘉华6, , 
RDMU2002832, 20DC_F, 晋江太平洋, 2014-06-28 09:34, 2014-06-28 09:34, 锦程, 嘉华6, 宏兴车队, 
RDMU2002832, 20DC_F, 晋江太平洋, 2014-06-24 16:04, 2014-06-24 16:04, 锦程, 嘉华6, , 
RDMU2002853, 20DC_E, 晋江太平洋, 2014-08-26 16:42, 2014-08-26 16:42, 锦程, 新锦程15, , 
RDMU2002853, 20DC_E, 晋江太平洋, 2014-04-26 18:23, 2014-04-26 18:23, 锦程, 和畅158, , 
RDMU2002853, 20DC_F, 晋江太平洋, 2014-04-24 13:36, 2014-04-24 13:36, 锦程, 和畅158, , 
RDMU2002853, 20DC_F, 晋江太平洋, 2014-04-22 07:54, 2014-04-22 07:54, 锦程, 和畅158, , 
RDMU2002874, 20DC_E, 晋江太平洋, 2014-09-23 18:47, 2014-09-23 18:47, 锦程, 新锦程2, , 
RDMU2002874, 20DC_E, 晋江太平洋, 2014-09-03 15:09, 2014-09-03 15:09, 锦程, 嘉荣36, 恒星车队, 
RDMU2002874, 20DC_F, 晋江太平洋, 2014-09-03 09:31, 2014-09-03 09:31, 锦程, 嘉荣36, 恒星车队, 
RDMU2002874, 20DC_F, 晋江太平洋, 2014-08-30 00:17, 2014-08-30 00:17, 锦程, 嘉荣36, , 
RDMU2002895, 20DC_E, 晋江太平洋, 2014-06-23 18:02, 2014-06-23 18:02, 锦程, 新锦程5, , 
RDMU2002895, 20DC_E, 晋江太平洋, 2014-05-30 16:33, 2014-05-30 16:33, 锦程, 嘉华6, , 
RDMU2002895, 20DC_F, 晋江太平洋, 2014-05-30 11:25, 2014-05-30 11:25, 锦程, 嘉华6, , 
RDMU2002895, 20DC_F, 晋江太平洋, 2014-05-29 09:45, 2014-05-29 09:45, 锦程, 嘉华6, , 
RDMU2002914, 20DC_E, 晋江太平洋, 2014-11-29 03:28, 2014-11-29 03:28, 锦程, 新锦程2, , 
RDMU2002914, 20DC_E, 晋江太平洋, 2014-11-27 12:10, 2014-11-27 12:10, 锦程, 新锦程1, 宏兴车队, 
RDMU2002914, 20DC_F, 晋江太平洋, 2014-11-27 08:55, 2014-11-27 08:55, 锦程, 新锦程1, 宏兴车队, 
RDMU2002914, 20DC_F, 晋江太平洋, 2014-11-26 03:16, 2014-11-26 03:16, 锦程, 新锦程1, , 
RDMU2002920, 20DC_E, 晋江太平洋, 2014-10-09 15:47, 2014-10-09 15:47, 锦程, 新锦程2, , 
RDMU2002920, 20DC_E, 晋江太平洋, 2014-09-25 10:48, 2014-09-25 10:48, 锦程, 嘉华6, 恒星车队, 
RDMU2002920, 20DC_F, 晋江太平洋, 2014-09-24 14:37, 2014-09-24 14:37, 锦程, 嘉华6, 恒星车队, 
RDMU2002920, 20DC_F, 晋江太平洋, 2014-09-16 19:14, 2014-09-16 19:14, 锦程, 嘉华6, , 
RDMU2002982, 20DC_E, 晋江太平洋, 2014-05-25 02:05, 2014-05-25 02:05, 锦程, 新锦程2, , 
RDMU2002982, 20DC_E, 晋江太平洋, 2014-05-07 10:15, 2014-05-07 10:15, 锦程, 嘉荣36, 成发汽运, 
RDMU2002982, 20DC_F, 晋江太平洋, 2014-05-04 19:14, 2014-05-04 19:14, 锦程, 嘉荣36, 成发汽运, 
RDMU2002982, 20DC_F, 晋江太平洋, 2014-04-27 20:52, 2014-04-27 20:52, 锦程, 嘉荣36, , 
RDMU2002998, 20DC_E, 晋江太平洋, 2014-07-15 23:38, 2014-07-15 23:38, 锦程, 锦程3, , 
RDMU2002998, 20DC_E, 晋江太平洋, 2014-07-12 08:20, 2014-07-12 08:20, 锦程, 新锦程12, , 
RDMU2002998, 20DC_F, 晋江太平洋, 2014-07-11 17:22, 2014-07-11 17:22, 锦程, 新锦程12, , 
RDMU2002998, 20DC_F, 晋江太平洋, 2014-07-06 17:25, 2014-07-06 17:25, 锦程, 新锦程12, , 
RDMU2003058, 20DC_F, 晋江太平洋, 2014-04-04 13:20, 2014-04-04 13:20, 锦程, 嘉荣36, , 
RDMU2003058, 20DC_F, 晋江太平洋, 2014-03-31 19:50, 2014-03-31 19:50, 锦程, 嘉荣36, 恒星二队, 
RDMU2003058, 20DC_F, 晋江太平洋, 2014-03-29 16:55, 2014-03-29 16:55, 锦程, 嘉华6, 恒星二队, 
RDMU2003058, 20DC_F, 晋江太平洋, 2014-03-25 21:43, 2014-03-25 21:43, 锦程, 嘉华6, , 
RDMU2003145, 20DC_E, 晋江太平洋, 2015-02-12 04:25, 2015-02-12 04:25, 锦程, 新锦程2, , 
RDMU2003145, 20DC_E, 晋江太平洋, 2015-01-30 10:31, 2015-01-30 10:31, 锦程, 新锦程15, , 
RDMU2003145, 20DC_F, 晋江太平洋, 2015-01-29 09:06, 2015-01-29 09:06, 锦程, 新锦程15, , 
RDMU2003145, 20DC_F, 晋江太平洋, 2015-01-27 13:11, 2015-01-27 13:11, 锦程, 新锦程15, , 
RDMU2003150, 20DC_E, 晋江太平洋, 2014-12-14 07:20, 2014-12-14 07:20, 锦程, 新锦程2, , 
RDMU2003150, 20DC_E, 晋江太平洋, 2014-11-28 15:07, 2014-11-28 15:07, 锦程, 嘉荣36, 恒星三队, 
RDMU2003150, 20DC_F, 晋江太平洋, 2014-11-26 15:55, 2014-11-26 15:55, 锦程, 嘉荣36, 恒星三队, 
RDMU2003150, 20DC_F, 晋江太平洋, 2014-11-25 20:37, 2014-11-25 20:37, 锦程, 嘉荣36, , 
RDMU2003187, 20DC_E, 晋江太平洋, 2014-11-26 07:58, 2014-11-26 07:58, 锦程, 新锦程1, , 
RDMU2003187, 20DC_E, 晋江太平洋, 2014-08-22 13:57, 2014-08-22 13:57, 锦程, 嘉华6, 恒星三队, 
RDMU2003187, 20DC_F, 晋江太平洋, 2014-08-22 10:48, 2014-08-22 10:48, 锦程, 嘉华6, 恒星三队, 
RDMU2003187, 20DC_F, 晋江太平洋, 2014-08-21 20:27, 2014-08-21 20:27, 锦程, 嘉华6, , 
RDMU2003192, 20DC_E, 晋江太平洋, 2015-02-12 05:56, 2015-02-12 05:56, 锦程, 新锦程2, , 
RDMU2003192, 20DC_E, 晋江太平洋, 2015-01-13 13:01, 2015-01-13 13:01, 锦程, 新锦程1, , 
RDMU2003211, 20DC_F, 晋江太平洋, 2014-04-26 18:03, 2014-04-26 18:03, 锦程, 锦集7, , 
RDMU2003211, 20DC_F, 晋江太平洋, 2014-04-19 10:31, 2014-04-19 10:31, 锦程, 嘉荣36, , 
RDMU2003211, 20DC_F, 晋江太平洋, 2014-04-14 17:31, 2014-04-14 17:31, 锦程, 和畅158, , 
RDMU2003211, 20DC_F, 晋江太平洋, 2014-04-03 13:23, 2014-04-03 13:23, 锦程, 和畅158, , 
RDMU2003510, 20DC_F, 晋江太平洋, 2014-12-25 12:23, 2014-12-25 12:23, 锦程, 新锦程1, 恒星车队, 
RDMU2003510, 20DC_F, 晋江太平洋, 2014-12-21 13:56, 2014-12-21 13:56, 锦程, 新锦程1, , 
RDMU2004840, 20DC_F, 晋江太平洋, 2013-08-06 08:41, 2013-08-06 08:41, 锦程, 嘉华6, , 
RDMU2004840, 20DC_F, 晋江太平洋, 2013-08-01 15:18, 2013-08-01 15:18, 锦程, 嘉华6, 成发汽运, 
RDMU2004840, 20DC_F, 晋江太平洋, 2013-07-31 17:07, 2013-07-31 17:07, 锦程, 新锦程12, 成发汽运, 
RDMU2004840, 20DC_F, 晋江太平洋, 2013-07-29 09:09, 2013-07-29 09:09, 锦程, 新锦程12, , 
RDMU2004898, 20DC_F, 晋江太平洋, 2013-06-22 09:39, 2013-06-22 09:39, 锦程, 锦程3, , 
RDMU2004898, 20DC_F, 晋江太平洋, 2013-06-16 11:48, 2013-06-16 11:48, 锦程, 新锦程5, , 
RDMU2004898, 20DC_F, 晋江太平洋, 2013-06-14 11:55, 2013-06-14 11:55, 锦程, 嘉华6, 恒星三队, 
RDMU2004898, 20DC_F, 晋江太平洋, 2013-06-03 18:58, 2013-06-03 18:58, 锦程, 嘉华6, , 
RDMU2004901, 20DC_E, 晋江太平洋, 2014-11-29 08:55, 2014-11-29 08:55, 锦程, 新锦程2, , 
RDMU2004901, 20DC_E, 晋江太平洋, 2014-11-27 14:16, 2014-11-27 14:16, 锦程, 嘉荣36, 恒星车队, 
RDMU2004901, 20DC_F, 晋江太平洋, 2014-11-26 17:10, 2014-11-26 17:10, 锦程, 嘉荣36, 恒星车队, 
RDMU2004901, 20DC_F, 晋江太平洋, 2014-11-25 20:08, 2014-11-25 20:08, 锦程, 嘉荣36, , 
RDMU2004938, 20DC_F, 晋江太平洋, 2014-05-20 07:16, 2014-05-20 07:16, 锦程, 嘉荣36, , 
RDMU2004938, 20DC_F, 晋江太平洋, 2014-05-10 16:06, 2014-05-10 16:06, 锦程, 嘉荣36, , 
RDMU2004938, 20DC_F, 晋江太平洋, 2014-05-09 10:42, 2014-05-09 10:42, 锦程, 新锦程2, , 
RDMU2004938, 20DC_F, 晋江太平洋, 2014-05-07 14:21, 2014-05-07 14:21, 锦程, 新锦程2, , 
RDMU2004964, 20DC_E, 晋江太平洋, 2014-11-29 08:36, 2014-11-29 08:36, 锦程, 新锦程2, , 
RDMU2004964, 20DC_E, 晋江太平洋, 2014-11-28 08:27, 2014-11-28 08:27, 锦程, 新锦程1, , 
RDMU2004964, 20DC_F, 晋江太平洋, 2014-11-27 16:05, 2014-11-27 16:05, 锦程, 新锦程1, , 
RDMU2004964, 20DC_F, 晋江太平洋, 2014-11-26 04:17, 2014-11-26 04:17, 锦程, 新锦程1, , 
RDMU2005024, 20DC_E, 晋江太平洋, 2014-07-07 00:31, 2014-07-07 00:31, 锦程, 新锦程12, , 
RDMU2005024, 20DC_E, 晋江太平洋, 2014-06-24 09:38, 2014-06-24 09:38, 锦程, 新锦程5, , 
RDMU2005024, 20DC_F, 晋江太平洋, 2014-06-23 17:27, 2014-06-23 17:27, 锦程, 新锦程5, , 
RDMU2005024, 20DC_F, 晋江太平洋, 2014-06-23 15:11, 2014-06-23 15:11, 锦程, 新锦程5, , 
RDMU2005045, 20DC_F, 晋江太平洋, 2014-08-07 06:31, 2014-08-07 06:31, 锦程, 新锦程2, , 
RDMU2005045, 20DC_F, 晋江太平洋, 2014-07-26 15:12, 2014-07-26 15:12, 锦程, 新锦程9, , 
RDMU2005045, 20DC_F, 晋江太平洋, 2014-07-25 17:48, 2014-07-25 17:48, 锦程, 新锦程2, , 
RDMU2005045, 20DC_F, 晋江太平洋, 2014-07-24 19:28, 2014-07-24 19:28, 锦程, 新锦程2, , 
RDMU2005092, 20DC_E, 晋江太平洋, 2015-01-13 23:28, 2015-01-13 23:28, 锦程, 新锦程1, , 
RDMU2005092, 20DC_E, 晋江太平洋, 2014-12-27 12:44, 2014-12-27 12:44, 锦程, 新锦程12, 成发汽运, 
RDMU2005092, 20DC_F, 晋江太平洋, 2014-12-27 09:24, 2014-12-27 09:24, 锦程, 新锦程12, 成发汽运, 
RDMU2005092, 20DC_F, 晋江太平洋, 2014-12-26 20:45, 2014-12-26 20:45, 锦程, 新锦程12, , 
RDMU2005111, 20DC_E, 晋江太平洋, 2015-01-14 00:54, 2015-01-14 00:54, 锦程, 新锦程1, , 
RDMU2005111, 20DC_E, 晋江太平洋, 2014-12-29 12:56, 2014-12-29 12:56, 锦程, 新锦程12, 成发汽运, 
RDMU2005111, 20DC_F, 晋江太平洋, 2014-12-29 10:01, 2014-12-29 10:01, 锦程, 新锦程12, 成发汽运, 
RDMU2005111, 20DC_F, 晋江太平洋, 2014-12-26 18:27, 2014-12-26 18:27, 锦程, 新锦程12, , 
RDMU2005214, 20DC_E, 晋江太平洋, 2014-11-29 08:41, 2014-11-29 08:41, 锦程, 新锦程2, , 
RDMU2005214, 20DC_E, 晋江太平洋, 2014-11-13 19:13, 2014-11-13 19:13, 锦程, 新锦程12, 恒星三队, 
RDMU2005214, 20DC_F, 晋江太平洋, 2014-11-13 13:36, 2014-11-13 13:36, 锦程, 新锦程12, 恒星三队, 
RDMU2005214, 20DC_F, 晋江太平洋, 2014-11-11 10:17, 2014-11-11 10:17, 锦程, 新锦程12, , 
RDMU2005282, 20DC_E, 晋江太平洋, 2015-01-13 23:30, 2015-01-13 23:30, 锦程, 新锦程1, , 
RDMU2005282, 20DC_E, 晋江太平洋, 2014-12-27 12:44, 2014-12-27 12:44, 锦程, 新锦程12, 天洲车队, 
RDMU2005282, 20DC_F, 晋江太平洋, 2014-12-27 09:19, 2014-12-27 09:19, 锦程, 新锦程12, 天洲车队, 
RDMU2005282, 20DC_F, 晋江太平洋, 2014-12-26 17:28, 2014-12-26 17:28, 锦程, 新锦程12, , 
RDMU2005282, 20DC_F, 泉州太平洋码头, 2014-12-05 00:20, , 20000, 9020, , 
RDMU2005282, 20DC_F, 泉州太平洋码头, 2014-11-29 15:03, , 20000, 9033, , 
RDMU2005549, 20DC_E, 晋江太平洋, 2014-07-06 20:46, 2014-07-06 20:46, 锦程, 新锦程12, , 
RDMU2005549, 20DC_E, 晋江太平洋, 2014-06-01 09:46, 2014-06-01 09:46, 锦程, 和畅158, , 
RDMU2005549, 20DC_F, 晋江太平洋, 2014-05-30 13:43, 2014-05-30 13:43, 锦程, 和畅158, , 
RDMU2005549, 20DC_F, 晋江太平洋, 2014-05-28 11:13, 2014-05-28 11:13, 锦程, 和畅158, , 
RDMU2005641, 20DC_E, 晋江太平洋, 2014-05-24 23:46, 2014-05-24 23:46, 锦程, 新锦程2, , 
RDMU2005641, 20DC_E, 晋江太平洋, 2014-05-18 08:42, 2014-05-18 08:42, 锦程, 和畅158, 恒星车队, 
RDMU2005641, 20DC_F, 晋江太平洋, 2014-05-17 13:15, 2014-05-17 13:15, 锦程, 和畅158, 恒星车队, 
RDMU2005641, 20DC_F, 晋江太平洋, 2014-05-12 22:51, 2014-05-12 22:51, 锦程, 和畅158, , 
RDMU2005873, 20DC_F, 晋江太平洋, 2014-10-18 14:42, 2014-10-18 14:42, 锦程, 嘉荣36, , 
RDMU2005873, 20DC_F, 晋江太平洋, 2014-10-15 16:11, 2014-10-15 16:11, 锦程, 嘉荣36, 华泰车队, 
RDMU2005873, 20DC_F, 晋江太平洋, 2014-10-15 10:59, 2014-10-15 10:59, 锦程, 新锦程2, 华泰车队, 
RDMU2005873, 20DC_F, 晋江太平洋, 2014-10-09 09:29, 2014-10-09 09:29, 锦程, 新锦程2, , 
RDMU2005955, 20DC_E, 晋江太平洋, 2014-11-11 16:32, 2014-11-11 16:32, 锦程, 新锦程12, , 
RDMU2005955, 20DC_E, 晋江太平洋, 2014-10-31 12:49, 2014-10-31 12:49, 锦程, 嘉荣36, , 
RDMU2005955, 20DC_F, 晋江太平洋, 2014-10-30 15:50, 2014-10-30 15:50, 锦程, 嘉荣36, , 
RDMU2005955, 20DC_F, 晋江太平洋, 2014-09-24 16:09, 2014-09-24 16:09, 锦程, 嘉荣36, , 
RDMU2005976, 20DC_E, 晋江太平洋, 2014-11-12 00:06, 2014-11-12 00:06, 锦程, 新锦程12, , 
RDMU2005976, 20DC_E, 晋江太平洋, 2014-11-04 15:57, 2014-11-04 15:57, 锦程, 嘉荣36, , 
RDMU2005976, 20DC_F, 晋江太平洋, 2014-11-04 10:40, 2014-11-04 10:40, 锦程, 嘉荣36, , 
RDMU2005976, 20DC_F, 晋江太平洋, 2014-11-02 17:03, 2014-11-02 17:03, 锦程, 嘉荣36, , 
RDMU2005981, 20DC_E, 晋江太平洋, 2014-07-09 05:52, 2014-07-09 05:52, 锦程, 新锦程2, , 
RDMU2005981, 20DC_E, 晋江太平洋, 2014-05-20 14:17, 2014-05-20 14:17, 锦程, 和畅158, 恒星车队, 
RDMU2005981, 20DC_F, 晋江太平洋, 2014-05-18 12:08, 2014-05-18 12:08, 锦程, 和畅158, 恒星车队, 
RDMU2005981, 20DC_F, 晋江太平洋, 2014-05-12 20:18, 2014-05-12 20:18, 锦程, 和畅158, , 
RDMU2006041, 20DC_E, 晋江太平洋, 2014-11-12 00:14, 2014-11-12 00:14, 锦程, 新锦程12, , 
RDMU2006041, 20DC_E, 晋江太平洋, 2014-11-04 14:08, 2014-11-04 14:08, 锦程, 新锦程12, , 
RDMU2006041, 20DC_F, 晋江太平洋, 2014-11-03 14:06, 2014-11-03 14:06, 锦程, 新锦程12, , 
RDMU2006041, 20DC_F, 晋江太平洋, 2014-10-23 08:14, 2014-10-23 08:14, 锦程, 新锦程12, , 
RDMU2006099, 20DC_E, 晋江太平洋, 2014-07-08 18:09, 2014-07-08 18:09, 锦程, 新锦程2, , 
RDMU2006099, 20DC_E, 晋江太平洋, 2014-06-10 14:36, 2014-06-10 14:36, 锦程, 和畅158, 恒星三队, 
RDMU2006099, 20DC_F, 晋江太平洋, 2014-06-09 11:57, 2014-06-09 11:57, 锦程, 和畅158, 恒星三队, 
RDMU2006099, 20DC_F, 晋江太平洋, 2014-06-09 10:48, 2014-06-09 10:48, 锦程, 和畅158, , 
RDMU2006118, 20DC_F, 晋江太平洋, 2014-12-20 12:30, 2014-12-20 12:30, 锦程, 嘉荣36, , 
RDMU2006118, 20DC_F, 晋江太平洋, 2014-12-18 18:20, 2014-12-18 18:20, 锦程, 嘉荣36, , 
RDMU2006118, 20DC_F, 晋江太平洋, 2014-12-17 18:11, 2014-12-17 18:11, 锦程, 嘉荣36, , 
RDMU2006118, 20DC_F, 晋江太平洋, 2014-11-25 20:16, 2014-11-25 20:16, 锦程, 嘉荣36, , 
RDMU2006247, 20DC_F, 晋江太平洋, 2013-05-04 13:02, 2013-05-04 13:02, 锦程, 新锦程5, , 
RDMU2006247, 20DC_F, 晋江太平洋, 2013-05-02 19:45, 2013-05-02 19:45, 锦程, 新锦程5, 恒星车队, 
RDMU2006247, 20DC_E, 晋江太平洋, 2013-05-02 14:26, 2013-05-02 14:26, 锦程, 嘉荣1, 恒星车队, 
RDMU2006247, 20DC_E, 晋江太平洋, 2013-04-30 19:40, 2013-04-30 19:40, 锦程, 华旭达6, , 
RDMU2006247, 20DC_F, 晋江太平洋, 2013-04-30 11:52, 2013-04-30 11:52, 锦程, 华旭达6, , 
RDMU2006247, 20DC_F, 晋江太平洋, 2013-04-28 02:33, 2013-04-28 02:33, 锦程, 华旭达6, , 
RDMU2006289, 20DC_F, 晋江太平洋, 2014-08-30 00:29, 2014-08-30 00:29, 锦程, 嘉荣36, , 
RDMU2006289, 20DC_F, 晋江太平洋, 2014-08-24 15:04, 2014-08-24 15:04, 锦程, 嘉荣36, , 
RDMU2006289, 20DC_F, 晋江太平洋, 2014-08-23 19:46, 2014-08-23 19:46, 锦程, 嘉荣36, , 
RDMU2006289, 20DC_F, 晋江太平洋, 2014-08-23 01:59, 2014-08-23 01:59, 锦程, 嘉荣36, , 
RDMU2006334, 20DC_E, 晋江太平洋, 2014-05-28 18:10, 2014-05-28 18:10, 锦程, 新锦程9, , 
RDMU2006334, 20DC_E, 晋江太平洋, 2014-05-26 09:07, 2014-05-26 09:07, 锦程, 锦程3, 成发汽运, 
RDMU2006334, 20DC_F, 晋江太平洋, 2014-05-25 20:03, 2014-05-25 20:03, 锦程, 锦程3, 成发汽运, 
RDMU2006334, 20DC_F, 晋江太平洋, 2014-05-12 10:33, 2014-05-12 10:33, 锦程, 锦程3, , 
RDMU2006376, 20DC_E, 晋江太平洋, 2014-09-23 14:55, 2014-09-23 14:55, 锦程, 新锦程2, , 
RDMU2006376, 20DC_E, 晋江太平洋, 2014-08-31 09:27, 2014-08-31 09:27, 锦程, 锦集7, 恒星三队, 
RDMU2006376, 20DC_F, 晋江太平洋, 2014-08-30 09:23, 2014-08-30 09:23, 锦程, 锦集7, 恒星三队, 
RDMU2006376, 20DC_F, 晋江太平洋, 2014-08-25 08:26, 2014-08-25 08:26, 锦程, 锦集7, , 
RDMU2006381, 20DC_E, 晋江太平洋, 2014-03-26 02:44, 2014-03-26 02:44, 锦程, 嘉华6, , 
RDMU2006381, 20DC_E, 晋江太平洋, 2014-03-19 08:35, 2014-03-19 08:35, 锦程, 新锦程9, 天洲车队, 
RDMU2006381, 20DC_F, 晋江太平洋, 2014-03-18 15:54, 2014-03-18 15:54, 锦程, 新锦程9, 天洲车队, 
RDMU2006381, 20DC_F, 晋江太平洋, 2014-03-08 15:20, 2014-03-08 15:20, 锦程, 新锦程9, , 
RDMU2006463, 20DC_E, 晋江太平洋, 2014-11-29 03:26, 2014-11-29 03:26, 锦程, 新锦程2, , 
RDMU2006463, 20DC_E, 晋江太平洋, 2014-11-27 13:34, 2014-11-27 13:34, 锦程, 新锦程1, 恒星车队, 
RDMU2006463, 20DC_F, 晋江太平洋, 2014-11-27 09:24, 2014-11-27 09:24, 锦程, 新锦程1, 恒星车队, 
RDMU2006463, 20DC_F, 晋江太平洋, 2014-11-26 03:46, 2014-11-26 03:46, 锦程, 新锦程1, , 
RDMU2011053, 20DC_E, 晋江太平洋, 2014-06-07 14:41, 2014-06-07 14:41, 锦程, 新锦程2, , 
RDMU2011053, 20DC_E, 晋江太平洋, 2014-05-08 11:48, 2014-05-08 11:48, 锦程, 新锦程5, 天洲车队, 
RDMU2011053, 20DC_F, 晋江太平洋, 2014-05-07 18:54, 2014-05-07 18:54, 锦程, 新锦程5, 天洲车队, 
RDMU2011053, 20DC_F, 晋江太平洋, 2014-04-30 10:23, 2014-04-30 10:23, 锦程, 新锦程5, , 
RDMU2011794, 20DC_F, 晋江太平洋, 2014-11-02 17:03, 2014-11-02 17:03, 锦程, 嘉荣36, , 
RDMU2011794, 20DC_F, 晋江太平洋, 2014-10-30 13:32, 2014-10-30 13:32, 锦程, 嘉荣36, , 
RDMU2011794, 20DC_F, 晋江太平洋, 2014-10-29 17:05, 2014-10-29 17:05, 锦程, 新锦程5, , 
RDMU2011794, 20DC_F, 晋江太平洋, 2014-10-29 14:48, 2014-10-29 14:48, 锦程, 新锦程5, , 
RDMU2019162, 20DC_E, 晋江太平洋, 2014-12-14 07:09, 2014-12-14 07:09, 锦程, 新锦程2, , 
RDMU2019162, 20DC_E, 晋江太平洋, 2014-12-02 10:17, 2014-12-02 10:17, 锦程, 新锦程1, 成发汽运, 
RDMU2019162, 20DC_F, 晋江太平洋, 2014-12-01 11:23, 2014-12-01 11:23, 锦程, 新锦程1, 成发汽运, 
RDMU2019162, 20DC_F, 晋江太平洋, 2014-11-26 03:51, 2014-11-26 03:51, 锦程, 新锦程1, , 
RDMU2007310, 20DC_E, 晋江太平洋, 2014-09-23 09:39, 2014-09-23 09:39, 锦程, 新锦程2, , 
RDMU2007310, 20DC_E, 晋江太平洋, 2014-08-26 15:11, 2014-08-26 15:11, 锦程, 嘉荣36, 恒星三队, 
RDMU2007310, 20DC_F, 晋江太平洋, 2014-08-25 14:05, 2014-08-25 14:05, 锦程, 嘉荣36, 恒星三队, 
RDMU2007310, 20DC_F, 晋江太平洋, 2014-08-23 01:03, 2014-08-23 01:03, 锦程, 嘉荣36, , 
RDMU2007346, 20DC_F, 晋江太平洋, 2015-03-13 15:51, 2015-03-13 15:51, 锦程, 新锦程2, 恒星车队, 
RDMU2007346, 20DC_F, 晋江太平洋, 2015-02-12 03:23, 2015-02-12 03:23, 锦程, 新锦程2, , 
RDMU2007407, 20DC_E, 晋江太平洋, 2013-02-03 13:28, 2013-02-03 13:28, 锦程, 新锦程9, , 
RDMU2007407, 20DC_E, 晋江太平洋, 2013-01-20 19:37, 2013-01-20 19:37, 锦程, 新锦程1, , 
RDMU2007407, 20DC_F, 晋江太平洋, 2013-01-20 15:14, 2013-01-20 15:14, 锦程, 新锦程1, , 
RDMU2007407, 20DC_F, 晋江太平洋, 2013-01-16 14:33, 2013-01-16 14:33, 锦程, 新锦程1, , 
RDMU2008445, 20DC_E, 晋江太平洋, 2013-11-11 18:38, 2013-11-11 18:38, 锦程, 新锦程9, , 
RDMU2008445, 20DC_E, 晋江太平洋, 2013-11-06 14:15, 2013-11-06 14:15, 锦程, 锦集7, , 
RDMU2008445, 20DC_F, 晋江太平洋, 2013-11-05 19:22, 2013-11-05 19:22, 锦程, 锦集7, , 
RDMU2008445, 20DC_F, 晋江太平洋, 2013-11-03 03:01, 2013-11-03 03:01, 锦程, 锦集7, , 
RDMU2009082, 20DC_E, 晋江太平洋, 2014-10-09 14:44, 2014-10-09 14:44, 锦程, 新锦程2, , 
RDMU2009082, 20DC_E, 晋江太平洋, 2014-09-30 15:51, 2014-09-30 15:51, 锦程, 新锦程2, 恒星三队, 
RDMU2009082, 20DC_F, 晋江太平洋, 2014-09-29 15:53, 2014-09-29 15:53, 锦程, 新锦程2, 恒星三队, 
RDMU2009082, 20DC_F, 晋江太平洋, 2014-09-23 02:49, 2014-09-23 02:49, 锦程, 新锦程2, , 
RDMU2011032, 20DC_E, 晋江太平洋, 2014-05-25 01:38, 2014-05-25 01:38, 锦程, 新锦程2, , 
RDMU2011032, 20DC_E, 晋江太平洋, 2014-05-05 01:35, 2014-05-05 01:35, 锦程, 锦集7, , 
RDMU2011080, 20DC_E, 晋江太平洋, 2015-01-14 03:41, 2015-01-14 03:41, 锦程, 新锦程1, , 
RDMU2011080, 20DC_E, 晋江太平洋, 2014-12-30 12:34, 2014-12-30 12:34, 锦程, 新锦程12, 恒星三队, 
RDMU2011080, 20DC_F, 晋江太平洋, 2014-12-30 10:19, 2014-12-30 10:19, 锦程, 新锦程12, 恒星三队, 
RDMU2011080, 20DC_F, 晋江太平洋, 2014-12-26 14:21, 2014-12-26 14:21, 锦程, 新锦程12, , 
RDMU2011135, 20DC_F, 晋江太平洋, 2014-06-11 09:20, 2014-06-11 09:20, 锦程, 嘉荣36, , 
RDMU2011135, 20DC_F, 晋江太平洋, 2014-06-06 09:19, 2014-06-06 09:19, 锦程, 嘉荣36, , 
RDMU2011135, 20DC_F, 晋江太平洋, 2014-06-03 09:45, 2014-06-03 09:45, 锦程, 和畅158, , 
RDMU2011135, 20DC_F, 晋江太平洋, 2014-05-28 14:04, 2014-05-28 14:04, 锦程, 和畅158, , 
RDMU2011156, 20DC_E, 晋江太平洋, 2014-11-29 02:13, 2014-11-29 02:13, 锦程, 新锦程2, , 
RDMU2011156, 20DC_E, 晋江太平洋, 2014-11-24 15:46, 2014-11-24 15:46, 锦程, 嘉荣36, 恒星三队, 
RDMU2011156, 20DC_F, 晋江太平洋, 2014-11-24 10:21, 2014-11-24 10:21, 锦程, 嘉荣36, 恒星三队, 
RDMU2011156, 20DC_F, 晋江太平洋, 2014-11-11 20:35, 2014-11-11 20:35, 锦程, 嘉荣36, , 
RDMU2011177, 20DC_E, 晋江太平洋, 2013-08-14 21:06, 2013-08-14 21:06, 锦程, 新锦程12, , 
RDMU2011177, 20DC_E, 晋江太平洋, 2013-07-27 23:50, 2013-07-27 23:50, 锦程, 嘉华6, 成发汽运, 
RDMU2011177, 20DC_F, 晋江太平洋, 2013-07-27 13:52, 2013-07-27 13:52, 锦程, 嘉华6, 成发汽运, 
RDMU2011177, 20DC_F, 晋江太平洋, 2013-07-26 04:59, 2013-07-26 04:59, 锦程, 嘉华6, , 
RDMU2011238, 20DC_F, 晋江太平洋, 2014-12-31 09:24, 2014-12-31 09:24, 锦程, 新锦程12, 天洲车队, 
RDMU2011238, 20DC_F, 晋江太平洋, 2014-12-26 18:59, 2014-12-26 18:59, 锦程, 新锦程12, , 
RDMU2011500, 20DC_F, 晋江太平洋, 2014-05-30 21:27, 2014-05-30 21:27, 锦程, 嘉荣36, , 
RDMU2011500, 20DC_F, 晋江太平洋, 2014-05-20 14:31, 2014-05-20 14:31, 锦程, 嘉荣36, , 
RDMU2011500, 20DC_F, 晋江太平洋, 2014-05-17 13:26, 2014-05-17 13:26, 锦程, 和畅158, , 
RDMU2011500, 20DC_F, 晋江太平洋, 2014-05-12 20:00, 2014-05-12 20:00, 锦程, 和畅158, , 
RDMU2011618, 20DC_F, 晋江太平洋, 2014-11-11 23:56, 2014-11-11 23:56, 锦程, 嘉荣36, , 
RDMU2011618, 20DC_F, 晋江太平洋, 2014-11-07 17:25, 2014-11-07 17:25, 锦程, 嘉荣36, , 
RDMU2011618, 20DC_E, 晋江太平洋, 2014-11-07 11:55, 2014-11-07 11:55, 锦程, 嘉荣36, , 
RDMU2011618, 20DC_E, 晋江太平洋, 2014-11-05 16:41, 2014-11-05 16:41, 锦程, 新锦程1, 天洲车队, 
RDMU2011618, 20DC_F, 晋江太平洋, 2014-11-05 13:45, 2014-11-05 13:45, 锦程, 新锦程1, 天洲车队, 
RDMU2011618, 20DC_F, 晋江太平洋, 2014-10-27 08:35, 2014-10-27 08:35, 锦程, 新锦程1, , 
RDMU2011650, 20DC_F, 晋江太平洋, 2014-03-09 22:07, 2014-03-09 22:07, 锦程, 嘉华6, , 
RDMU2011650, 20DC_F, 晋江太平洋, 2014-02-24 10:02, 2014-02-24 10:02, 锦程, 嘉华6, 华泰车队, 
RDMU2011650, 20DC_F, 晋江太平洋, 2014-02-21 16:27, 2014-02-21 16:27, 锦程, 嘉荣36, 华泰车队, 
RDMU2011650, 20DC_F, 晋江太平洋, 2014-02-19 10:44, 2014-02-19 10:44, 锦程, 嘉荣36, , 
RDMU2011686, 20DC_E, 晋江太平洋, 2014-05-12 15:35, 2014-05-12 15:35, 锦程, 锦程3, , 
RDMU2011686, 20DC_E, 晋江太平洋, 2014-04-27 12:08, 2014-04-27 12:08, 锦程, 新锦程15, 恒星三队, 
RDMU2011686, 20DC_F, 晋江太平洋, 2014-04-27 09:25, 2014-04-27 09:25, 锦程, 新锦程15, 恒星三队, 
RDMU2011686, 20DC_F, 晋江太平洋, 2014-04-23 01:16, 2014-04-23 01:16, 锦程, 新锦程15, , 
RDMU2011691, 20DC_E, 晋江太平洋, 2014-09-23 22:30, 2014-09-23 22:30, 锦程, 新锦程2, , 
RDMU2011691, 20DC_E, 晋江太平洋, 2014-08-31 14:03, 2014-08-31 14:03, 锦程, 新锦程15, 恒星三队, 
RDMU2011691, 20DC_F, 晋江太平洋, 2014-08-31 10:44, 2014-08-31 10:44, 锦程, 新锦程15, 恒星三队, 
RDMU2011691, 20DC_F, 晋江太平洋, 2014-08-26 14:12, 2014-08-26 14:12, 锦程, 新锦程15, , 
RDMU2011731, 20DC_F, 晋江太平洋, 2014-05-14 21:52, 2014-05-14 21:52, 锦程, 锦集7, , 
RDMU2011731, 20DC_F, 晋江太平洋, 2014-05-13 11:34, 2014-05-13 11:34, 锦程, 嘉荣36, 成发汽运, 
RDMU2011731, 20DC_F, 晋江太平洋, 2014-05-12 14:03, 2014-05-12 14:03, 锦程, 锦程3, 成发汽运, 
RDMU2011731, 20DC_F, 晋江太平洋, 2014-05-12 08:55, 2014-05-12 08:55, 锦程, 锦程3, , 
RDMU2011773, 20DC_F, 晋江太平洋, 2014-12-21 15:33, 2014-12-21 15:33, 锦程, 新锦程1, , 
RDMU2011773, 20DC_F, 晋江太平洋, 2014-12-21 09:15, 2014-12-21 09:15, 锦程, 新锦程15, , 
RDMU2011813, 20DC_E, 晋江太平洋, 2014-11-29 08:25, 2014-11-29 08:25, 锦程, 新锦程2, , 
RDMU2011813, 20DC_E, 晋江太平洋, 2014-08-28 14:09, 2014-08-28 14:09, 锦程, 锦集7, 恒星三队, 
RDMU2011813, 20DC_F, 晋江太平洋, 2014-08-27 10:00, 2014-08-27 10:00, 锦程, 锦集7, 恒星三队, 
RDMU2011813, 20DC_F, 晋江太平洋, 2014-08-25 09:59, 2014-08-25 09:59, 锦程, 锦集7, , 
RDMU2011860, 20DC_E, 晋江太平洋, 2014-11-29 01:13, 2014-11-29 01:13, 锦程, 新锦程2, , 
RDMU2011860, 20DC_E, 晋江太平洋, 2014-11-14 08:31, 2014-11-14 08:31, 锦程, 新锦程12, 宏兴车队, 
RDMU2011860, 20DC_F, 晋江太平洋, 2014-11-13 16:41, 2014-11-13 16:41, 锦程, 新锦程12, 宏兴车队, 
RDMU2011860, 20DC_F, 晋江太平洋, 2014-11-11 08:58, 2014-11-11 08:58, 锦程, 新锦程12, , 
RDMU2011876, 20DC_F, 晋江太平洋, 2014-01-19 19:20, 2014-01-19 19:20, 锦程, 嘉荣36, , 
RDMU2011876, 20DC_F, 晋江太平洋, 2014-01-14 12:20, 2014-01-14 12:20, 锦程, 嘉荣36, , 
RDMU2011876, 20DC_F, 晋江太平洋, 2014-01-13 13:00, 2014-01-13 13:00, 锦程, 锦程3, , 
RDMU2011876, 20DC_F, 晋江太平洋, 2014-01-12 13:08, 2014-01-12 13:08, 锦程, 锦程3, , 
RDMU2012105, 20DC_E, 晋江太平洋, 2014-09-23 16:32, 2014-09-23 16:32, 锦程, 新锦程2, , 
RDMU2012105, 20DC_E, 晋江太平洋, 2014-08-14 09:30, 2014-08-14 09:30, 锦程, 嘉荣36, 恒星车队, 
RDMU2012105, 20DC_F, 晋江太平洋, 2014-08-13 20:04, 2014-08-13 20:04, 锦程, 嘉荣36, 恒星车队, 
RDMU2012105, 20DC_F, 晋江太平洋, 2014-08-08 13:10, 2014-08-08 13:10, 锦程, 嘉荣36, , 
RDMU2012213, 20DC_E, 晋江太平洋, 2014-09-23 15:36, 2014-09-23 15:36, 锦程, 新锦程2, , 
RDMU2012213, 20DC_E, 晋江太平洋, 2014-08-27 14:20, 2014-08-27 14:20, 锦程, 新锦程2, 恒星三队, 
RDMU2012213, 20DC_F, 晋江太平洋, 2014-08-26 15:31, 2014-08-26 15:31, 锦程, 新锦程2, 恒星三队, 
RDMU2012213, 20DC_F, 晋江太平洋, 2014-08-24 10:14, 2014-08-24 10:14, 锦程, 新锦程2, , 
RDMU2012300, 20DC_E, 晋江太平洋, 2014-04-22 15:23, 2014-04-22 15:23, 锦程, 和畅158, , 
RDMU2012300, 20DC_E, 晋江太平洋, 2014-04-18 13:33, 2014-04-18 13:33, 锦程, 新锦程5, 宏兴车队, 
RDMU2012300, 20DC_F, 晋江太平洋, 2014-04-17 17:41, 2014-04-17 17:41, 锦程, 新锦程5, 宏兴车队, 
RDMU2012300, 20DC_F, 晋江太平洋, 2014-04-13 13:49, 2014-04-13 13:49, 锦程, 新锦程5, , 
RDMU2019007, 20DC_F, 晋江太平洋, 2013-12-02 07:48, 2013-12-02 07:48, 锦程, 嘉华6, , 
RDMU2019007, 20DC_F, 晋江太平洋, 2013-09-25 15:42, 2013-09-25 15:42, 锦程, 新锦程5, 成发汽运, 
RDMU2019007, 20DC_F, 晋江太平洋, 2013-09-24 11:00, 2013-09-24 11:00, 锦程, 嘉华6, 成发汽运, 
RDMU2019007, 20DC_F, 晋江太平洋, 2013-09-18 00:04, 2013-09-18 00:04, 锦程, 嘉华6, , 
RDMU2019012, 20DC_E, 晋江太平洋, 2015-02-12 09:52, 2015-02-12 09:52, 锦程, 新锦程2, , 
RDMU2019012, 20DC_E, 晋江太平洋, 2015-02-01 16:01, 2015-02-01 16:01, 锦程, 新锦程15, , 
RDMU2019012, 20DC_F, 晋江太平洋, 2015-02-01 12:34, 2015-02-01 12:34, 锦程, 新锦程15, , 
RDMU2019012, 20DC_F, 晋江太平洋, 2015-01-27 09:24, 2015-01-27 09:24, 锦程, 新锦程15, , 
RDMU2019100, 20DC_F, 晋江太平洋, 2014-07-27 19:01, 2014-07-27 19:01, 锦程, 新锦程1, , 
RDMU2019100, 20DC_F, 晋江太平洋, 2014-07-16 10:54, 2014-07-16 10:54, 锦程, 新锦程1, , 
RDMU2019100, 20DC_E, 晋江太平洋, 2014-07-15 19:14, 2014-07-15 19:14, 锦程, 新锦程1, , 
RDMU2019100, 20DC_E, 晋江太平洋, 2014-07-08 09:54, 2014-07-08 09:54, 锦程, 新锦程12, , 
RDMU2019100, 20DC_F, 晋江太平洋, 2014-07-07 21:11, 2014-07-07 21:11, 锦程, 新锦程12, , 
RDMU2019100, 20DC_F, 晋江太平洋, 2014-07-06 17:16, 2014-07-06 17:16, 锦程, 新锦程12, , 
RDMU2019115, 20DC_E, 晋江太平洋, 2015-02-12 10:12, 2015-02-12 10:12, 锦程, 新锦程2, , 
RDMU2019115, 20DC_E, 晋江太平洋, 2015-01-30 12:31, 2015-01-30 12:31, 锦程, 新锦程12, , 
RDMU2019115, 20DC_F, 晋江太平洋, 2015-01-30 09:01, 2015-01-30 09:01, 锦程, 新锦程12, , 
RDMU2019115, 20DC_F, 晋江太平洋, 2015-01-27 13:42, 2015-01-27 13:42, 锦程, 新锦程12, , 
RDMU2019136, 20DC_F, 晋江太平洋, 2014-09-24 20:55, 2014-09-24 20:55, 锦程, 嘉荣36, , 
RDMU2019136, 20DC_F, 晋江太平洋, 2014-09-24 14:46, 2014-09-24 14:46, 锦程, 嘉荣36, , 
RDMU2019136, 20DC_F, 晋江太平洋, 2014-09-18 18:11, 2014-09-18 18:11, 锦程, 嘉荣36, 华泰车队, 
RDMU2019136, 20DC_F, 晋江太平洋, 2014-09-15 01:59, 2014-09-15 01:59, 锦程, 嘉荣36, , 
RDMU2019141, 20DC_E, 晋江太平洋, 2014-09-23 08:38, 2014-09-23 08:38, 锦程, 新锦程2, , 
RDMU2019141, 20DC_E, 晋江太平洋, 2014-09-18 09:45, 2014-09-18 09:45, 锦程, 嘉华6, , 
RDMU2019141, 20DC_F, 晋江太平洋, 2014-09-17 15:40, 2014-09-17 15:40, 锦程, 嘉华6, , 
RDMU2019141, 20DC_F, 晋江太平洋, 2014-09-16 19:50, 2014-09-16 19:50, 锦程, 嘉华6, , 
RDMU2019199, 20DC_F, 晋江太平洋, 2015-04-27 00:59, 2015-04-27 00:59, 中良海运, 丰顺68, , 
RDMU2019199, 20DC_F, 晋江太平洋, 2015-04-26 10:04, 2015-04-26 10:04, 中良海运, 昊运6, , 
RDMU2019239, 20DC_E, 晋江太平洋, 2014-12-14 08:31, 2014-12-14 08:31, 锦程, 新锦程2, , 
RDMU2019239, 20DC_E, 晋江太平洋, 2014-12-08 19:28, 2014-12-08 19:28, 锦程, 嘉荣36, , 
RDMU2019265, 20DC_E, 晋江太平洋, 2014-06-23 18:38, 2014-06-23 18:38, 锦程, 新锦程5, , 
RDMU2019265, 20DC_E, 晋江太平洋, 2014-05-03 18:02, 2014-05-03 18:02, 锦程, 嘉荣36, 恒星车队, 
RDMU2019265, 20DC_F, 晋江太平洋, 2014-05-01 10:24, 2014-05-01 10:24, 锦程, 嘉荣36, 恒星车队, 
RDMU2019265, 20DC_F, 晋江太平洋, 2014-04-27 19:53, 2014-04-27 19:53, 锦程, 嘉荣36, , 
RDMU2019270, 20DC_E, 晋江太平洋, 2014-12-21 14:05, 2014-12-21 14:05, 锦程, 新锦程15, , 
RDMU2019270, 20DC_E, 晋江太平洋, 2014-12-17 23:17, 2014-12-17 23:17, 锦程, 嘉荣36, , 
RDMU2019331, 20DC_F, 晋江太平洋, 2014-01-11 18:14, 2014-01-11 18:14, 锦程, 锦集7, , 
RDMU2019331, 20DC_F, 晋江太平洋, 2014-01-10 17:38, 2014-01-10 17:38, 锦程, 锦集7, , 
RDMU2019331, 20DC_F, 晋江太平洋, 2014-01-09 17:19, 2014-01-09 17:19, 锦程, 嘉荣36, , 
RDMU2019331, 20DC_F, 晋江太平洋, 2014-01-08 10:55, 2014-01-08 10:55, 锦程, 嘉荣36, , 
RDMU2019368, 20DC_E, 晋江太平洋, 2014-09-23 06:17, 2014-09-23 06:17, 锦程, 新锦程15, , 
RDMU2019368, 20DC_E, 晋江太平洋, 2014-07-07 09:30, 2014-07-07 09:30, 锦程, 嘉荣36, , 
RDMU2019368, 30300kg, 广州港集装箱码头, 重箱, 2017-07-08 10:30, ZGS, 2017-07-08 18:37:26, , 
RDMU2019413, 20DC_E, 晋江太平洋, 2015-01-22 22:36, 2015-01-22 22:36, 锦程, 新锦程2, , 
RDMU2019413, 20DC_E, 晋江太平洋, 2015-01-13 16:06, 2015-01-13 16:06, 锦程, 新锦程15, 成发汽运, 
RDMU2019413, 20DC_F, 晋江太平洋, 2015-01-01 16:40, 2015-01-01 16:40, 锦程, 新锦程15, 成发汽运, 
RDMU2019413, 20DC_F, 晋江太平洋, 2014-12-21 10:27, 2014-12-21 10:27, 锦程, 新锦程15, , 
RDMU2019497, 20DC_E, 晋江太平洋, 2015-01-14 01:12, 2015-01-14 01:12, 锦程, 新锦程1, , 
RDMU2019497, 20DC_E, 晋江太平洋, 2014-12-29 09:59, 2014-12-29 09:59, 锦程, 新锦程1, 恒星车队, 
RDMU2019497, 20DC_F, 晋江太平洋, 2014-12-26 09:39, 2014-12-26 09:39, 锦程, 新锦程1, , 
RDMU2019497, 20DC_F, 晋江太平洋, 2014-12-21 15:20, 2014-12-21 15:20, 锦程, 新锦程1, , 
RDMU2019500, 20DC_E, 晋江太平洋, 2015-01-14 03:43, 2015-01-14 03:43, 锦程, 新锦程1, , 
RDMU2019500, 20DC_E, 晋江太平洋, 2014-12-30 12:32, 2014-12-30 12:32, 锦程, 新锦程12, , 
RDMU2019500, 20DC_F, 晋江太平洋, 2014-12-30 10:00, 2014-12-30 10:00, 锦程, 新锦程12, , 
RDMU2019500, 20DC_F, 晋江太平洋, 2014-12-26 17:22, 2014-12-26 17:22, 锦程, 新锦程12, , 
RDMU2019516, 20DC_F, 晋江太平洋, 2014-08-24 15:35, 2014-08-24 15:35, 锦程, 新锦程2, , 
RDMU2019516, 20DC_F, 晋江太平洋, 2014-08-16 20:39, 2014-08-16 20:39, 锦程, 嘉荣36, , 
RDMU2019563, 20DC_F, 晋江太平洋, 2014-07-25 18:53, 2014-07-25 18:53, 锦程, 新锦程2, , 
RDMU2019563, 20DC_F, 晋江太平洋, 2014-07-17 20:18, 2014-07-17 20:18, 锦程, 新锦程2, 成发汽运, 
RDMU2019563, 20DC_F, 晋江太平洋, 2014-07-17 12:43, 2014-07-17 12:43, 锦程, 锦程3, 成发汽运, 
RDMU2019563, 20DC_F, 晋江太平洋, 2014-07-15 22:09, 2014-07-15 22:09, 锦程, 锦程3, , 
RDMU2019584, 20DC_F, 晋江太平洋, 2014-04-12 19:29, 2014-04-12 19:29, 锦程, 锦集7, 成发汽运, 
RDMU2019584, 20DC_F, 晋江太平洋, 2014-04-05 03:08, 2014-04-05 03:08, 锦程, 锦集7, , 
RDMU2019603, 20DC_E, 晋江太平洋, 2015-01-27 18:25, 2015-01-27 18:25, 锦程, 新锦程12, , 
RDMU2019603, 20DC_E, 晋江太平洋, 2015-01-16 16:59, 2015-01-16 16:59, 锦程, 新锦程1, 宏兴车队, 
RDMU2019603, 20DC_F, 晋江太平洋, 2015-01-15 15:35, 2015-01-15 15:35, 锦程, 新锦程1, 宏兴车队, 
RDMU2019603, 20DC_F, 晋江太平洋, 2015-01-13 14:30, 2015-01-13 14:30, 锦程, 新锦程1, , 
RDMU2019630, 20DC_F, 晋江太平洋, 2014-04-22 20:11, 2014-04-22 20:11, 锦程, 新锦程2, , 
RDMU2019630, 20DC_F, 晋江太平洋, 2014-04-22 09:36, 2014-04-22 09:36, 锦程, 和畅158, , 
RDMU2019666, 20DC_E, 晋江太平洋, 2014-10-29 18:30, 2014-10-29 18:30, 锦程, 新锦程5, , 
RDMU2019666, 20DC_E, 晋江太平洋, 2014-10-26 16:08, 2014-10-26 16:08, 锦程, 新锦程12, 成发汽运, 
RDMU2019666, 20DC_F, 晋江太平洋, 2014-10-26 11:56, 2014-10-26 11:56, 锦程, 新锦程12, 成发汽运, 
RDMU2019666, 20DC_F, 晋江太平洋, 2014-10-23 10:48, 2014-10-23 10:48, 锦程, 新锦程12, , 
RDMU2019711, 20DC_E, 晋江太平洋, 2014-08-24 15:34, 2014-08-24 15:34, 锦程, 新锦程2, , 
RDMU2019711, 20DC_E, 晋江太平洋, 2014-08-16 17:02, 2014-08-16 17:02, 锦程, 锦程3, 恒星车队, 
RDMU2019711, 20DC_E, 晋江太平洋, 2014-07-03 16:40, 2014-07-03 16:40, 锦程, 和畅158, 成发汽运, 
RDMU2019711, 20DC_E, 晋江太平洋, 2014-07-03 14:47, 2014-07-03 14:47, 锦程, 锦程3, , 
RDMU2019711, 20DC_F, 晋江太平洋, 2014-07-03 10:21, 2014-07-03 10:21, 锦程, 锦程3, , 
RDMU2019711, 20DC_F, 晋江太平洋, 2014-06-18 01:11, 2014-06-18 01:11, 锦程, 锦程3, , 
RDMU2019732, 20DC_E, 晋江太平洋, 2015-01-22 23:45, 2015-01-22 23:45, 锦程, 新锦程2, , 
RDMU2019732, 20DC_E, 晋江太平洋, 2015-01-21 08:51, 2015-01-21 08:51, 锦程, 新锦程1, , 
RDMU2019732, 20DC_F, 晋江太平洋, 2015-01-20 19:03, 2015-01-20 19:03, 锦程, 新锦程1, , 
RDMU2019732, 20DC_F, 晋江太平洋, 2015-01-13 16:15, 2015-01-13 16:15, 锦程, 新锦程1, , 
RDMU2019753, 20DC_F, 晋江太平洋, 2014-09-03 17:04, 2014-09-03 17:04, 锦程, 嘉华6, , 
RDMU2019753, 20DC_F, 晋江太平洋, 2014-08-26 15:29, 2014-08-26 15:29, 锦程, 新锦程15, , 
RDMU2019795, 20DC_E, 晋江太平洋, 2014-09-23 13:59, 2014-09-23 13:59, 锦程, 新锦程2, , 
RDMU2019795, 20DC_E, 晋江太平洋, 2014-08-18 13:33, 2014-08-18 13:33, 锦程, 嘉荣36, 成发汽运, 
RDMU2019795, 20DC_F, 晋江太平洋, 2014-08-17 15:39, 2014-08-17 15:39, 锦程, 嘉荣36, 成发汽运, 
RDMU2019795, 20DC_F, 晋江太平洋, 2014-08-16 21:52, 2014-08-16 21:52, 锦程, 嘉荣36, , 
RDMU2019938, 20DC_E, 晋江太平洋, 2014-08-26 16:39, 2014-08-26 16:39, 锦程, 新锦程15, , 
RDMU2019938, 20DC_E, 晋江太平洋, 2014-04-26 17:37, 2014-04-26 17:37, 锦程, 和畅158, , 
RDMU2019938, 20DC_F, 晋江太平洋, 2014-04-24 12:37, 2014-04-24 12:37, 锦程, 和畅158, , 
RDMU2019938, 20DC_F, 晋江太平洋, 2014-04-22 12:27, 2014-04-22 12:27, 锦程, 和畅158, , 
RDMU2019959, 20DC_E, 晋江太平洋, 2015-02-12 05:51, 2015-02-12 05:51, 锦程, 新锦程2, , 
RDMU2019959, 20DC_E, 晋江太平洋, 2015-01-13 13:12, 2015-01-13 13:12, 锦程, 新锦程1, , 
RDMU2019964, 20DC_E, 晋江太平洋, 2014-08-24 16:11, 2014-08-24 16:11, 锦程, 新锦程2, , 
RDMU2019964, 20DC_E, 晋江太平洋, 2014-08-09 15:49, 2014-08-09 15:49, 锦程, 新锦程2, , 
RDMU2019964, 20DC_F, 晋江太平洋, 2014-08-08 17:01, 2014-08-08 17:01, 锦程, 新锦程2, , 
RDMU2019964, 20DC_F, 晋江太平洋, 2014-08-07 04:17, 2014-08-07 04:17, 锦程, 新锦程2, , 
RDMU2019985, 20DC_F, 晋江太平洋, 2015-03-09 14:10, 2015-03-09 14:10, 锦程, 新锦程5, 恒星车队, 
RDMU2019985, 20DC_F, 晋江太平洋, 2015-02-12 14:28, 2015-02-12 14:28, 锦程, 新锦程5, , 
RDMU2019990, 20DC_E, 晋江太平洋, 2014-12-26 21:55, 2014-12-26 21:55, 锦程, 新锦程12, , 
RDMU2019990, 20DC_E, 晋江太平洋, 2014-12-23 12:34, 2014-12-23 12:34, 锦程, 新锦程2, 恒星车队, 
RDMU2019990, 20DC_F, 晋江太平洋, 2014-12-23 09:02, 2014-12-23 09:02, 锦程, 新锦程2, 恒星车队, 
RDMU2019990, 20DC_F, 晋江太平洋, 2014-12-14 01:50, 2014-12-14 01:50, 锦程, 新锦程2, , 
RDMU2020034, 20DC_E, 晋江太平洋, 2015-01-22 23:44, 2015-01-22 23:44, 锦程, 新锦程2, , 
RDMU2020034, 20DC_E, 晋江太平洋, 2015-01-21 08:57, 2015-01-21 08:57, 锦程, 新锦程1, , 
RDMU2020034, 20DC_F, 晋江太平洋, 2015-01-20 18:51, 2015-01-20 18:51, 锦程, 新锦程1, , 
RDMU2020034, 20DC_F, 晋江太平洋, 2015-01-13 18:34, 2015-01-13 18:34, 锦程, 新锦程1, , 
RDMU2020060, 20DC_F, 晋江太平洋, 2013-08-11 06:58, 2013-08-11 06:58, 锦程, 新锦程9, , 
RDMU2020060, 20DC_F, 晋江太平洋, 2013-07-30 20:44, 2013-07-30 20:44, 锦程, 新锦程5, , 
RDMU2020060, 20DC_F, 晋江太平洋, 2013-07-26 20:05, 2013-07-26 20:05, 锦程, 嘉华6, , 
RDMU2020060, 20DC_F, 晋江太平洋, 2013-07-26 03:36, 2013-07-26 03:36, 锦程, 嘉华6, , 
RDMU2020158, 20DC_E, 晋江太平洋, 2014-11-29 01:15, 2014-11-29 01:15, 锦程, 新锦程2, , 
RDMU2020158, 20DC_E, 晋江太平洋, 2014-11-26 15:01, 2014-11-26 15:01, 锦程, 新锦程1, 天洲车队, 
RDMU2020158, 20DC_F, 晋江太平洋, 2014-11-26 11:17, 2014-11-26 11:17, 锦程, 新锦程1, 天洲车队, 
RDMU2020158, 20DC_F, 晋江太平洋, 2014-11-26 02:27, 2014-11-26 02:27, 锦程, 新锦程1, , 
RDMU2020184, 20DC_E, 晋江太平洋, 2014-12-27 02:37, 2014-12-27 02:37, 锦程, 新锦程12, , 
RDMU2020184, 20DC_E, 晋江太平洋, 2014-12-18 00:12, 2014-12-18 00:12, 锦程, 嘉荣36, , 
RDMU2020292, 20DC_E, 晋江太平洋, 2015-02-12 08:31, 2015-02-12 08:31, 锦程, 新锦程2, , 
RDMU2020292, 20DC_E, 晋江太平洋, 2015-02-07 14:10, 2015-02-07 14:10, 锦程, 新锦程12, 恒星车队, 
RDMU2020292, 20DC_F, 晋江太平洋, 2015-02-07 10:22, 2015-02-07 10:22, 锦程, 新锦程12, 恒星车队, 
RDMU2020292, 20DC_F, 晋江太平洋, 2015-01-27 15:20, 2015-01-27 15:20, 锦程, 新锦程12, , 
RDMU2021703, 20DC_F, 晋江太平洋, 2013-02-03 11:02, 2013-02-03 11:02, 锦程, 新锦程9, , 
RDMU2021703, 20DC_F, 晋江太平洋, 2013-01-17 14:17, 2013-01-17 14:17, 锦程, 新锦程9, , 
RDMU2021703, 20DC_F, 晋江太平洋, 2013-01-16 17:42, 2013-01-16 17:42, 锦程, 新锦程1, , 
RDMU2021703, 20DC_F, 晋江太平洋, 2013-01-16 14:54, 2013-01-16 14:54, 锦程, 新锦程1, , 
RDMU2021719, 20DC_F, 晋江太平洋, 2014-09-24 18:47, 2014-09-24 18:47, 锦程, 嘉荣36, , 
RDMU2021719, 20DC_F, 晋江太平洋, 2014-09-16 11:22, 2014-09-16 11:22, 锦程, 嘉荣36, , 
RDMU2021719, 20DC_F, 晋江太平洋, 2014-09-15 15:08, 2014-09-15 15:08, 锦程, 锦集7, , 
RDMU2021719, 20DC_F, 晋江太平洋, 2014-09-11 09:37, 2014-09-11 09:37, 锦程, 锦集7, , 
RDMU2021920, 20DC_E, 晋江太平洋, 2014-12-21 13:57, 2014-12-21 13:57, 锦程, 新锦程15, , 
RDMU2021920, 20DC_E, 晋江太平洋, 2014-12-17 22:37, 2014-12-17 22:37, 锦程, 嘉荣36, , 
RDMU2021956, 20DC_F, 晋江太平洋, 2014-04-23 05:28, 2014-04-23 05:28, 锦程, 新锦程15, , 
RDMU2021956, 20DC_F, 晋江太平洋, 2014-04-15 16:12, 2014-04-15 16:12, 锦程, 新锦程2, 恒星三队, 
RDMU2021956, 20DC_F, 晋江太平洋, 2014-04-12 13:44, 2014-04-12 13:44, 锦程, 嘉华6, 恒星车队, 
RDMU2021956, 20DC_F, 晋江太平洋, 2014-04-09 14:02, 2014-04-09 14:02, 锦程, 嘉华6, , 
RDMU2021961, 20DC_F, 晋江太平洋, 2015-02-06 14:10, 2015-02-06 14:10, 锦程, 嘉华6, 天洲车队, 
RDMU2021961, 20DC_F, 晋江太平洋, 2015-01-15 00:13, 2015-01-15 00:13, 锦程, 嘉华6, , 
RDMU2021998, 20DC_E, 晋江太平洋, 2014-09-17 01:01, 2014-09-17 01:01, 锦程, 嘉华6, , 
RDMU2021998, 20DC_E, 晋江太平洋, 2014-08-24 09:22, 2014-08-24 09:22, 锦程, 嘉华6, , 
RDMU2021998, 20DC_F, 晋江太平洋, 2014-08-23 14:20, 2014-08-23 14:20, 锦程, 嘉华6, , 
RDMU2021998, 20DC_F, 晋江太平洋, 2014-08-21 20:25, 2014-08-21 20:25, 锦程, 嘉华6, , 
RDMU2022000, 20DC_E, 晋江太平洋, 2014-05-24 21:28, 2014-05-24 21:28, 锦程, 新锦程2, , 
RDMU2022000, 20DC_E, 晋江太平洋, 2014-04-23 16:48, 2014-04-23 16:48, 锦程, 和畅158, 华泰车队, 
RDMU2022000, 20DC_F, 晋江太平洋, 2014-04-23 11:40, 2014-04-23 11:40, 锦程, 和畅158, 华泰车队, 
RDMU2022000, 20DC_F, 晋江太平洋, 2014-04-22 10:29, 2014-04-22 10:29, 锦程, 和畅158, , 
RDMU2002540, 20DC_E, 晋江太平洋, 2014-07-06 21:35, 2014-07-06 21:35, 锦程, 新锦程12, , 
RDMU2002540, 20DC_E, 晋江太平洋, 2014-06-19 12:01, 2014-06-19 12:01, 锦程, 锦程3, 天洲车队, 
RDMU2002540, 20DC_F, 晋江太平洋, 2014-06-19 08:38, 2014-06-19 08:38, 锦程, 锦程3, 天洲车队, 
RDMU2002540, 20DC_F, 晋江太平洋, 2014-06-18 01:42, 2014-06-18 01:42, 锦程, 锦程3, , 
RDMU2002555, 20DC_E, 晋江太平洋, 2014-09-16 23:34, 2014-09-16 23:34, 锦程, 嘉华6, , 
RDMU2002555, 20DC_E, 晋江太平洋, 2014-08-02 16:02, 2014-08-02 16:02, 锦程, 嘉荣36, , 
RDMU2002555, 20DC_F, 晋江太平洋, 2014-08-01 19:02, 2014-08-01 19:02, 锦程, 嘉荣36, , 
RDMU2002555, 20DC_F, 晋江太平洋, 2014-08-01 00:21, 2014-08-01 00:21, 锦程, 嘉荣36, , 
RDMU2002560, 20DC_E, 晋江太平洋, 2014-09-23 07:26, 2014-09-23 07:26, 锦程, 新锦程2, , 
RDMU2002560, 20DC_E, 晋江太平洋, 2014-08-11 09:03, 2014-08-11 09:03, 锦程, 嘉华6, , 
RDMU2002560, 20DC_F, 晋江太平洋, 2014-08-10 16:20, 2014-08-10 16:20, 锦程, 嘉华6, , 
RDMU2002560, 20DC_F, 晋江太平洋, 2014-08-07 14:55, 2014-08-07 14:55, 锦程, 嘉华6, , 
RDMU2002597, 20DC_E, 晋江太平洋, 2015-02-12 08:20, 2015-02-12 08:20, 锦程, 新锦程2, , 
RDMU2002597, 20DC_E, 晋江太平洋, 2015-02-03 13:30, 2015-02-03 13:30, 锦程, 新锦程1, 成发汽运, 
RDMU2002597, 20DC_F, 晋江太平洋, 2015-02-03 10:57, 2015-02-03 10:57, 锦程, 新锦程1, 成发汽运, 
RDMU2002597, 20DC_F, 晋江太平洋, 2015-01-13 14:27, 2015-01-13 14:27, 锦程, 新锦程1, , 
RDMU2002637, 20DC_E, 晋江太平洋, 2014-11-11 23:26, 2014-11-11 23:26, 锦程, 新锦程12, , 
RDMU2002637, 20DC_E, 晋江太平洋, 2014-11-02 09:54, 2014-11-02 09:54, 锦程, 新锦程1, 恒星三队, 
RDMU2002637, 20DC_F, 晋江太平洋, 2014-11-01 13:15, 2014-11-01 13:15, 锦程, 新锦程1, 恒星三队, 
RDMU2002637, 20DC_F, 晋江太平洋, 2014-10-27 07:50, 2014-10-27 07:50, 锦程, 新锦程1, , 
RDMU2002679, 20DC_E, 晋江太平洋, 2014-09-23 07:49, 2014-09-23 07:49, 锦程, 新锦程2, , 
RDMU2002679, 20DC_E, 晋江太平洋, 2014-09-19 08:43, 2014-09-19 08:43, 锦程, 嘉华6, 恒星车队, 
RDMU2002679, 20DC_F, 晋江太平洋, 2014-09-18 15:28, 2014-09-18 15:28, 锦程, 嘉华6, 恒星车队, 
RDMU2002679, 20DC_F, 晋江太平洋, 2014-09-16 20:34, 2014-09-16 20:34, 锦程, 嘉华6, , 
RDMU2002719, 20DC_E, 晋江太平洋, 2014-11-26 06:42, 2014-11-26 06:42, 锦程, 新锦程1, , 
RDMU2002719, 20DC_E, 晋江太平洋, 2014-11-19 19:11, 2014-11-19 19:11, 锦程, 新锦程12, 天洲车队, 
RDMU2002719, 20DC_F, 晋江太平洋, 2014-11-18 17:34, 2014-11-18 17:34, 锦程, 新锦程12, 天洲车队, 
RDMU2002719, 20DC_F, 晋江太平洋, 2014-11-11 09:47, 2014-11-11 09:47, 锦程, 新锦程12, , 
RDMU2007120, 20DC_E, 晋江太平洋, 2015-02-12 09:34, 2015-02-12 09:34, 锦程, 新锦程2, , 
RDMU2007120, 20DC_E, 晋江太平洋, 2015-02-10 12:54, 2015-02-10 12:54, 锦程, 新锦程12, 恒星车队, 
RDMU2007120, 20DC_F, 晋江太平洋, 2015-02-10 09:17, 2015-02-10 09:17, 锦程, 新锦程12, 恒星车队, 
RDMU2007120, 20DC_F, 晋江太平洋, 2015-01-27 15:33, 2015-01-27 15:33, 锦程, 新锦程12, , 
RDMU2007198, 20DC_E, 晋江太平洋, 2014-11-11 15:44, 2014-11-11 15:44, 锦程, 新锦程12, , 
RDMU2007198, 20DC_E, 晋江太平洋, 2014-11-01 11:55, 2014-11-01 11:55, 锦程, 新锦程5, 恒星车队, 
RDMU2007198, 20DC_F, 晋江太平洋, 2014-10-31 17:33, 2014-10-31 17:33, 锦程, 新锦程5, 恒星车队, 
RDMU2007198, 20DC_F, 晋江太平洋, 2014-10-29 14:24, 2014-10-29 14:24, 锦程, 新锦程5, , 
RDMU2007222, 20DC_F, 晋江太平洋, 2014-11-02 17:40, 2014-11-02 17:40, 锦程, 嘉荣36, , 
RDMU2007222, 20DC_F, 晋江太平洋, 2014-10-28 13:38, 2014-10-28 13:38, 锦程, 嘉荣36, , 
RDMU2007222, 20DC_F, 晋江太平洋, 2014-10-27 13:04, 2014-10-27 13:04, 锦程, 新锦程12, , 
RDMU2007222, 20DC_F, 晋江太平洋, 2014-10-23 08:14, 2014-10-23 08:14, 锦程, 新锦程12, , 
RDMU2007264, 20DC_E, 晋江太平洋, 2014-06-07 07:40, 2014-06-07 07:40, 锦程, 新锦程2, , 
RDMU2007264, 20DC_E, 晋江太平洋, 2014-05-28 10:13, 2014-05-28 10:13, 锦程, 新锦程2, 恒星车队, 
RDMU2007264, 20DC_F, 晋江太平洋, 2014-05-27 17:42, 2014-05-27 17:42, 锦程, 新锦程2, 恒星车队, 
RDMU2007264, 20DC_F, 晋江太平洋, 2014-05-24 08:38, 2014-05-24 08:38, 锦程, 新锦程2, , 
RDMU2008759, 20DC_F, 晋江太平洋, 2014-02-08 15:44, 2014-02-08 15:44, 锦程, 嘉华6, , 
RDMU2008759, 20DC_F, 晋江太平洋, 2014-02-07 15:41, 2014-02-07 15:41, 锦程, 新锦程1, , 
RDMU2008825, 20DC_E, 晋江太平洋, 2014-10-29 16:40, 2014-10-29 16:40, 锦程, 新锦程5, , 
RDMU2008825, 20DC_E, 晋江太平洋, 2014-10-25 15:43, 2014-10-25 15:43, 锦程, 新锦程12, 恒星三队, 
RDMU2008825, 20DC_F, 晋江太平洋, 2014-10-24 16:10, 2014-10-24 16:10, 锦程, 新锦程12, 恒星三队, 
RDMU2008825, 20DC_F, 晋江太平洋, 2014-10-23 08:30, 2014-10-23 08:30, 锦程, 新锦程12, , 
RDMU2008872, 20DC_E, 晋江太平洋, 2014-06-07 18:47, 2014-06-07 18:47, 锦程, 新锦程2, , 
RDMU2008872, 20DC_E, 晋江太平洋, 2014-05-02 12:08, 2014-05-02 12:08, 锦程, 嘉荣36, , 
RDMU2008872, 20DC_F, 晋江太平洋, 2014-04-29 13:47, 2014-04-29 13:47, 锦程, 嘉荣36, , 
RDMU2008872, 20DC_F, 晋江太平洋, 2014-04-27 18:44, 2014-04-27 18:44, 锦程, 嘉荣36, , 
RDMU2008872, 20DC_F, 泉州太平洋码头, 2013-09-26 13:03, , 27000, MC15965., , 
RDMU2008872, 20DC_F, 泉州太平洋码头, 2013-09-17 03:21, , 27000, 9035, , 
RDMU2008996, 20DC_E, 晋江太平洋, 2015-02-12 08:19, 2015-02-12 08:19, 锦程, 新锦程2, , 
RDMU2008996, 20DC_E, 晋江太平洋, 2015-02-07 15:24, 2015-02-07 15:24, 锦程, 新锦程12, 闽捷车队, 
RDMU2008996, 20DC_F, 晋江太平洋, 2015-02-07 13:03, 2015-02-07 13:03, 锦程, 新锦程12, 闽捷车队, 
RDMU2008996, 20DC_F, 晋江太平洋, 2015-01-27 16:38, 2015-01-27 16:38, 锦程, 新锦程12, , 
RDMU2009098, 20DC_F, 晋江太平洋, 2014-05-07 16:13, 2014-05-07 16:13, 锦程, 新锦程2, , 
RDMU2009098, 20DC_F, 晋江太平洋, 2014-05-06 11:55, 2014-05-06 11:55, 锦程, 新锦程2, 成发汽运, 
RDMU2009098, 20DC_F, 晋江太平洋, 2014-05-05 16:43, 2014-05-05 16:43, 锦程, 锦集7, 成发汽运, 
RDMU2009098, 20DC_F, 晋江太平洋, 2014-05-05 00:46, 2014-05-05 00:46, 锦程, 锦集7, , 
RDMU2009138, 20DC_E, 晋江太平洋, 2015-01-27 17:35, 2015-01-27 17:35, 锦程, 新锦程12, , 
RDMU2009138, 20DC_E, 晋江太平洋, 2015-01-23 11:25, 2015-01-23 11:25, 锦程, 锦程3, 成发汽运, 
RDMU2009138, 20DC_F, 晋江太平洋, 2015-01-22 15:54, 2015-01-22 15:54, 锦程, 锦程3, 成发汽运, 
RDMU2009138, 20DC_F, 晋江太平洋, 2015-01-13 12:49, 2015-01-13 12:49, 锦程, 锦程3, , 
RDMU2009159, 20DC_F, 晋江太平洋, 2014-04-22 13:19, 2014-04-22 13:19, 锦程, 和畅158, , 
RDMU2009159, 20DC_F, 晋江太平洋, 2014-04-17 18:10, 2014-04-17 18:10, 锦程, 和畅158, , 
RDMU2009159, 20DC_F, 晋江太平洋, 2014-04-11 17:15, 2014-04-11 17:15, 锦程, 和畅158, , 
RDMU2009159, 20DC_F, 晋江太平洋, 2014-04-03 09:44, 2014-04-03 09:44, 锦程, 和畅158, , 
RDMU2009225, 20DC_E, 晋江太平洋, 2014-11-29 05:01, 2014-11-29 05:01, 锦程, 新锦程2, , 
RDMU2009225, 20DC_E, 晋江太平洋, 2014-11-13 18:08, 2014-11-13 18:08, 锦程, 新锦程12, 天洲车队, 
RDMU2009225, 20DC_F, 晋江太平洋, 2014-11-13 14:34, 2014-11-13 14:34, 锦程, 新锦程12, 天洲车队, 
RDMU2009225, 20DC_F, 晋江太平洋, 2014-11-11 09:32, 2014-11-11 09:32, 锦程, 新锦程12, , 
RDMU2009230, 20DC_E, 晋江太平洋, 2015-01-27 21:06, 2015-01-27 21:06, 锦程, 新锦程12, , 
RDMU2009230, 20DC_E, 晋江太平洋, 2015-01-14 09:59, 2015-01-14 09:59, 锦程, 新锦程15, 天洲车队, 
RDMU2009230, 20DC_F, 晋江太平洋, 2015-01-13 14:44, 2015-01-13 14:44, 锦程, 新锦程15, 天洲车队, 
RDMU2009230, 20DC_F, 晋江太平洋, 2014-12-21 10:13, 2014-12-21 10:13, 锦程, 新锦程15, , 
RDMU2009307, 20DC_F, 晋江太平洋, 2013-08-03 21:43, 2013-08-03 21:43, 锦程, 锦集7, , 
RDMU2009307, 20DC_F, 晋江太平洋, 2013-08-01 17:14, 2013-08-01 17:14, 锦程, 嘉荣36, 成发汽运, 
RDMU2009307, 20DC_F, 晋江太平洋, 2013-08-01 00:16, 2013-08-01 00:16, 锦程, 新锦程12, 成发汽运, 
RDMU2009307, 20DC_F, 晋江太平洋, 2013-07-29 09:24, 2013-07-29 09:24, 锦程, 新锦程12, , 
RDMU2009312, 20DC_E, 晋江太平洋, 2015-01-13 22:43, 2015-01-13 22:43, 锦程, 新锦程1, , 
RDMU2009312, 20DC_E, 晋江太平洋, 2014-12-27 13:39, 2014-12-27 13:39, 锦程, 锦集7, , 
RDMU2009312, 20DC_F, 晋江太平洋, 2014-12-26 16:28, 2014-12-26 16:28, 锦程, 锦集7, , 
RDMU2009312, 20DC_F, 晋江太平洋, 2014-12-24 09:23, 2014-12-24 09:23, 锦程, 锦集7, , 
RDMU2009354, 20DC_E, 晋江太平洋, 2014-07-08 14:56, 2014-07-08 14:56, 锦程, 新锦程2, , 
RDMU2009354, 20DC_E, 晋江太平洋, 2014-06-24 07:14, 2014-06-24 07:14, 锦程, 嘉荣36, , 
RDMU2009396, 20DC_F, 晋江太平洋, 2015-04-27 01:24, 2015-04-27 01:24, 中良海运, 丰顺68, , 
RDMU2009396, 20DC_F, 晋江太平洋, 2015-04-26 10:24, 2015-04-26 10:24, 中良海运, 昊运6, , 
RDMU2009415, 20DC_F, 晋江太平洋, 2015-03-15 13:46, 2015-03-15 13:46, 锦程, 新锦程15, 恒星车队, 
RDMU2009415, 20DC_F, 晋江太平洋, 2015-02-17 09:35, 2015-02-17 09:35, 锦程, 新锦程15, , 
RDMU2012065, 20DC_F, 晋江太平洋, 2014-04-10 07:46, 2014-04-10 07:46, 锦程, 新锦程15, , 
RDMU2012065, 20DC_F, 晋江太平洋, 2014-04-09 21:17, 2014-04-09 21:17, 锦程, 新锦程5, , 
RDMU2012065, 20DC_F, 晋江太平洋, 2014-04-09 11:55, 2014-04-09 11:55, 锦程, 新锦程2, , 
RDMU2012065, 20DC_F, 晋江太平洋, 2014-04-05 02:44, 2014-04-05 02:44, 锦程, 新锦程2, , 
RDMU2012070, 20DC_F, 晋江太平洋, 2014-08-07 05:23, 2014-08-07 05:23, 锦程, 新锦程2, , 
RDMU2012070, 20DC_F, 晋江太平洋, 2014-08-06 16:33, 2014-08-06 16:33, 锦程, 新锦程2, , 
RDMU2012070, 20DC_F, 晋江太平洋, 2014-08-05 18:03, 2014-08-05 18:03, 锦程, 新锦程2, , 
RDMU2012070, 20DC_F, 晋江太平洋, 2014-07-24 21:01, 2014-07-24 21:01, 锦程, 新锦程2, , 
RDMU2012168, 20DC_E, 晋江太平洋, 2014-10-09 18:37, 2014-10-09 18:37, 锦程, 新锦程2, , 
RDMU2012168, 20DC_E, 晋江太平洋, 2014-09-16 11:38, 2014-09-16 11:38, 锦程, 新锦程2, 成发汽运, 
RDMU2012168, 20DC_F, 晋江太平洋, 2014-09-15 16:09, 2014-09-15 16:09, 锦程, 新锦程2, 成发汽运, 
RDMU2012168, 20DC_F, 晋江太平洋, 2014-09-07 01:54, 2014-09-07 01:54, 锦程, 新锦程2, , 
RDMU2012337, 20DC_F, 晋江太平洋, 2014-04-27 21:52, 2014-04-27 21:52, 锦程, 嘉荣36, , 
RDMU2012337, 20DC_F, 晋江太平洋, 2014-04-25 11:18, 2014-04-25 11:18, 锦程, 锦集7, 恒星车队, 
RDMU2012337, 20DC_F, 晋江太平洋, 2014-04-24 17:22, 2014-04-24 17:22, 锦程, 新锦程15, 恒星车队, 
RDMU2012337, 20DC_F, 晋江太平洋, 2014-04-23 00:53, 2014-04-23 00:53, 锦程, 新锦程15, , 
RDMU2012342, 20DC_E, 晋江太平洋, 2014-11-26 08:47, 2014-11-26 08:47, 锦程, 新锦程1, , 
RDMU2012342, 20DC_E, 晋江太平洋, 2014-11-14 16:49, 2014-11-14 16:49, 锦程, 新锦程12, , 
RDMU2012342, 20DC_F, 晋江太平洋, 2014-11-14 14:30, 2014-11-14 14:30, 锦程, 新锦程12, , 
RDMU2012342, 20DC_F, 晋江太平洋, 2014-11-11 12:44, 2014-11-11 12:44, 锦程, 新锦程12, , 
RDMU2012430, 20DC_F, 晋江太平洋, 2013-10-02 21:26, 2013-10-02 21:26, 锦程, 嘉荣36, , 
RDMU2012430, 20DC_F, 晋江太平洋, 2013-09-29 11:33, 2013-09-29 11:33, 锦程, 嘉荣36, , 
RDMU2012430, 20DC_F, 晋江太平洋, 2013-09-28 19:03, 2013-09-28 19:03, 锦程, 锦程3, , 
RDMU2012430, 20DC_F, 晋江太平洋, 2013-09-20 01:34, 2013-09-20 01:34, 锦程, 锦程3, , 
RDMU2012492, 20DC_E, 晋江太平洋, 2013-11-05 22:36, 2013-11-05 22:36, 锦程, 新锦程1, , 
RDMU2012492, 20DC_E, 晋江太平洋, 2013-10-23 12:17, 2013-10-23 12:17, 锦程, 新锦程1, , 
RDMU2012492, 20DC_F, 晋江太平洋, 2013-10-23 09:39, 2013-10-23 09:39, 锦程, 新锦程1, , 
RDMU2012492, 20DC_F, 晋江太平洋, 2013-10-22 14:38, 2013-10-22 14:38, 锦程, 新锦程1, , 
RDMU2012506, 20DC_E, 晋江太平洋, 2014-11-26 05:39, 2014-11-26 05:39, 锦程, 新锦程1, , 
RDMU2012506, 20DC_E, 晋江太平洋, 2014-11-12 12:21, 2014-11-12 12:21, 锦程, 嘉荣36, , 
RDMU2012506, 20DC_F, 晋江太平洋, 2014-08-01 14:06, 2014-08-01 14:06, 锦程, 嘉荣36, 成发汽运, 
RDMU2012506, 20DC_F, 晋江太平洋, 2014-07-31 22:19, 2014-07-31 22:19, 锦程, 嘉荣36, , 
RDMU2012548, 20DC_E, 晋江太平洋, 2014-01-12 16:26, 2014-01-12 16:26, 锦程, 锦程3, , 
RDMU2012548, 20DC_E, 晋江太平洋, 2014-01-08 07:52, 2014-01-08 07:52, 锦程, 嘉荣36, , 
RDMU2012595, 20DC_E, 晋江太平洋, 2013-11-03 05:13, 2013-11-03 05:13, 锦程, 新锦程2, , 
RDMU2012595, 20DC_E, 晋江太平洋, 2013-10-08 14:34, 2013-10-08 14:34, 锦程, 新锦程12, 宏兴车队, 
RDMU2012595, 20DC_F, 晋江太平洋, 2013-10-07 18:39, 2013-10-07 18:39, 锦程, 新锦程12, 宏兴车队, 
RDMU2012595, 20DC_F, 晋江太平洋, 2013-09-14 07:55, 2013-09-14 07:55, 锦程, 新锦程12, , 
RDMU2012635, 20DC_E, 晋江太平洋, 2014-06-30 22:33, 2014-06-30 22:33, 锦程, 锦程3, , 
RDMU2012635, 20DC_E, 晋江太平洋, 2014-06-25 18:14, 2014-06-25 18:14, 锦程, 新锦程5, 成发汽运, 
RDMU2012635, 20DC_F, 晋江太平洋, 2014-06-25 11:49, 2014-06-25 11:49, 锦程, 新锦程5, 成发汽运, 
RDMU2012635, 20DC_F, 晋江太平洋, 2014-06-23 15:10, 2014-06-23 15:10, 锦程, 新锦程5, , 
RDMU2012656, 20DC_F, 晋江太平洋, 2014-03-18 09:26, 2014-03-18 09:26, 锦程, 锦集7, , 
RDMU2012656, 20DC_F, 晋江太平洋, 2014-03-14 15:54, 2014-03-14 15:54, 锦程, 锦集7, 成发汽运, 
RDMU2012656, 20DC_F, 晋江太平洋, 2014-03-13 19:00, 2014-03-13 19:00, 锦程, 新锦程1, 成发汽运, 
RDMU2012656, 20DC_F, 晋江太平洋, 2014-03-10 16:55, 2014-03-10 16:55, 锦程, 新锦程1, , 
RDMU2012677, 20DC_E, 晋江太平洋, 2013-09-02 15:33, 2013-09-02 15:33, 锦程, 新锦程12, , 
RDMU2012677, 20DC_E, 晋江太平洋, 2013-08-15 15:01, 2013-08-15 15:01, 锦程, 嘉华6, , 
RDMU2012677, 20DC_F, 晋江太平洋, 2013-08-08 15:47, 2013-08-08 15:47, 锦程, 嘉华6, , 
RDMU2012677, 20DC_F, 晋江太平洋, 2013-08-06 07:50, 2013-08-06 07:50, 锦程, 嘉华6, , 
RDMU2012701, 20DC_E, 晋江太平洋, 2015-02-12 08:16, 2015-02-12 08:16, 锦程, 新锦程2, , 
RDMU2012701, 20DC_E, 晋江太平洋, 2015-02-03 14:35, 2015-02-03 14:35, 锦程, 新锦程12, 恒星三队, 
RDMU2012701, 20DC_F, 晋江太平洋, 2015-02-03 10:17, 2015-02-03 10:17, 锦程, 新锦程12, 恒星三队, 
RDMU2012701, 20DC_F, 晋江太平洋, 2015-01-27 13:22, 2015-01-27 13:22, 锦程, 新锦程12, , 
RDMU2012717, 20DC_E, 晋江太平洋, 2015-02-12 10:26, 2015-02-12 10:26, 锦程, 新锦程2, , 
RDMU2012717, 20DC_E, 晋江太平洋, 2015-01-27 10:34, 2015-01-27 10:34, 锦程, 新锦程2, , 
RDMU2012717, 20DC_F, 晋江太平洋, 2015-01-26 17:05, 2015-01-26 17:05, 锦程, 新锦程2, , 
RDMU2012717, 20DC_F, 晋江太平洋, 2015-01-22 16:10, 2015-01-22 16:10, 锦程, 新锦程2, , 
RDMU2012743, 20DC_E, 晋江太平洋, 2014-10-09 16:28, 2014-10-09 16:28, 锦程, 新锦程2, , 
RDMU2012743, 20DC_E, 晋江太平洋, 2014-09-19 12:32, 2014-09-19 12:32, 锦程, 嘉荣36, 恒星车队, 
RDMU2012743, 20DC_F, 晋江太平洋, 2014-09-18 16:03, 2014-09-18 16:03, 锦程, 嘉荣36, 恒星车队, 
RDMU2012743, 20DC_F, 晋江太平洋, 2014-09-15 02:44, 2014-09-15 02:44, 锦程, 嘉荣36, , 
RDMU2012825, 20DC_F, 晋江太平洋, 2014-08-23 04:41, 2014-08-23 04:41, 锦程, 嘉荣36, , 
RDMU2012825, 20DC_F, 晋江太平洋, 2014-08-20 14:59, 2014-08-20 14:59, 锦程, 嘉荣36, 华泰车队, 
RDMU2012825, 20DC_F, 晋江太平洋, 2014-08-19 20:18, 2014-08-19 20:18, 锦程, 嘉荣36, 华泰车队, 
RDMU2012825, 20DC_F, 晋江太平洋, 2014-08-16 21:04, 2014-08-16 21:04, 锦程, 嘉荣36, , 
RDMU2012830, 20DC_E, 晋江太平洋, 2014-11-11 23:52, 2014-11-11 23:52, 锦程, 新锦程12, , 
RDMU2012830, 20DC_E, 晋江太平洋, 2014-11-05 10:00, 2014-11-05 10:00, 锦程, 嘉荣36, 恒星三队, 
RDMU2012830, 20DC_F, 晋江太平洋, 2014-11-04 16:18, 2014-11-04 16:18, 锦程, 嘉荣36, 恒星三队, 
RDMU2012830, 20DC_F, 晋江太平洋, 2014-11-02 15:51, 2014-11-02 15:51, 锦程, 嘉荣36, , 
RDMU2012851, 20DC_F, 晋江太平洋, 2014-02-08 16:06, 2014-02-08 16:06, 锦程, 嘉华6, , 
RDMU2012851, 20DC_F, 晋江太平洋, 2014-02-07 15:44, 2014-02-07 15:44, 锦程, 新锦程1, , 
RDMU2012907, 20DC_E, 晋江太平洋, 2014-09-23 08:27, 2014-09-23 08:27, 锦程, 新锦程2, , 
RDMU2012907, 20DC_E, 晋江太平洋, 2014-09-18 12:05, 2014-09-18 12:05, 锦程, 嘉华6, 天洲车队, 
RDMU2012907, 20DC_F, 晋江太平洋, 2014-09-17 15:41, 2014-09-17 15:41, 锦程, 嘉华6, 天洲车队, 
RDMU2012907, 20DC_F, 晋江太平洋, 2014-09-03 16:30, 2014-09-03 16:30, 锦程, 嘉华6, , 
RDMU2012980, 20DC_E, 晋江太平洋, 2014-07-06 22:30, 2014-07-06 22:30, 锦程, 新锦程12, , 
RDMU2012980, 20DC_E, 晋江太平洋, 2014-06-02 17:18, 2014-06-02 17:18, 锦程, 新锦程2, 成发汽运, 
RDMU2012980, 20DC_F, 晋江太平洋, 2014-06-02 13:12, 2014-06-02 13:12, 锦程, 新锦程2, 成发汽运, 
RDMU2012980, 20DC_F, 晋江太平洋, 2014-05-24 08:08, 2014-05-24 08:08, 锦程, 新锦程2, , 
RDMU2012996, 20DC_E, 晋江太平洋, 2014-06-07 16:19, 2014-06-07 16:19, 锦程, 新锦程2, , 
RDMU2012996, 20DC_E, 晋江太平洋, 2014-05-31 09:34, 2014-05-31 09:34, 锦程, 和畅158, , 
RDMU2012996, 20DC_F, 晋江太平洋, 2014-05-28 17:06, 2014-05-28 17:06, 锦程, 和畅158, , 
RDMU2012996, 20DC_F, 晋江太平洋, 2014-05-28 13:48, 2014-05-28 13:48, 锦程, 和畅158, , 
RDMU2007460, 20DC_E, 晋江太平洋, 2014-10-09 15:53, 2014-10-09 15:53, 锦程, 新锦程2, , 
RDMU2007460, 20DC_E, 晋江太平洋, 2014-09-19 16:36, 2014-09-19 16:36, 锦程, 嘉华6, 恒星三队, 
RDMU2007460, 20DC_F, 晋江太平洋, 2014-09-19 12:48, 2014-09-19 12:48, 锦程, 嘉华6, 恒星三队, 
RDMU2007460, 20DC_F, 晋江太平洋, 2014-09-03 15:54, 2014-09-03 15:54, 锦程, 嘉华6, , 
RDMU2007937, 20DC_E, 晋江太平洋, 2015-02-12 08:10, 2015-02-12 08:10, 锦程, 新锦程2, , 
RDMU2007937, 20DC_E, 晋江太平洋, 2015-02-09 15:01, 2015-02-09 15:01, 锦程, 嘉华3, , 
RDMU2007937, 20DC_F, 晋江太平洋, 2015-02-09 11:03, 2015-02-09 11:03, 锦程, 嘉华3, , 
RDMU2007937, 20DC_F, 晋江太平洋, 2015-02-01 09:05, 2015-02-01 09:05, 锦程, 嘉华3, , 
RDMU2007942, 20DC_F, 晋江太平洋, 2014-11-02 19:20, 2014-11-02 19:20, 锦程, 嘉荣36, , 
RDMU2007942, 20DC_F, 晋江太平洋, 2014-10-31 11:11, 2014-10-31 11:11, 锦程, 嘉荣36, 成发汽运, 
RDMU2007942, 20DC_F, 晋江太平洋, 2014-10-30 12:02, 2014-10-30 12:02, 锦程, 新锦程12, 成发汽运, 
RDMU2007942, 20DC_F, 晋江太平洋, 2014-10-23 09:38, 2014-10-23 09:38, 锦程, 新锦程12, , 
RDMU2008070, 20DC_E, 晋江太平洋, 2014-05-12 16:12, 2014-05-12 16:12, 锦程, 锦程3, , 
RDMU2008070, 20DC_E, 晋江太平洋, 2014-04-27 09:40, 2014-04-27 09:40, 锦程, 新锦程15, , 
RDMU2008070, 20DC_F, 晋江太平洋, 2014-04-26 20:32, 2014-04-26 20:32, 锦程, 新锦程15, , 
RDMU2008070, 20DC_F, 晋江太平洋, 2014-04-23 03:15, 2014-04-23 03:15, 锦程, 新锦程15, , 
RDMU2008091, 20DC_E, 晋江太平洋, 2015-02-12 06:28, 2015-02-12 06:28, 锦程, 新锦程2, , 
RDMU2008091, 20DC_E, 晋江太平洋, 2015-01-13 12:27, 2015-01-13 12:27, 锦程, 新锦程1, , 
RDMU2008110, 20DC_F, 晋江太平洋, 2015-02-03 15:08, 2015-02-03 15:08, 锦程, 新安源9, 天洲车队, 
RDMU2008110, 20DC_F, 晋江太平洋, 2015-01-31 15:36, 2015-01-31 15:36, 锦程, 新安源9, , 
RDMU2008126, 20DC_E, 晋江太平洋, 2014-07-25 16:02, 2014-07-25 16:02, 锦程, 新锦程2, , 
RDMU2008126, 20DC_E, 晋江太平洋, 2014-07-13 12:01, 2014-07-13 12:01, 锦程, 新锦程2, 恒星三队, 
RDMU2008126, 20DC_F, 晋江太平洋, 2014-07-11 12:11, 2014-07-11 12:11, 锦程, 新锦程2, 恒星三队, 
RDMU2008126, 20DC_F, 晋江太平洋, 2014-07-08 15:15, 2014-07-08 15:15, 锦程, 新锦程2, , 
RDMU2008168, 20DC_F, 晋江太平洋, 2015-04-27 01:13, 2015-04-27 01:13, 中良海运, 丰顺68, , 
RDMU2008168, 20DC_F, 晋江太平洋, 2015-04-26 09:27, 2015-04-26 09:27, 中良海运, 昊运6, , 
RDMU2008337, 20DC_F, 晋江太平洋, 2014-08-30 01:53, 2014-08-30 01:53, 锦程, 嘉荣36, , 
RDMU2008337, 20DC_F, 晋江太平洋, 2014-08-25 18:53, 2014-08-25 18:53, 锦程, 嘉荣36, , 
RDMU2008337, 20DC_F, 晋江太平洋, 2014-08-24 17:24, 2014-08-24 17:24, 锦程, 新锦程2, , 
RDMU2008337, 20DC_F, 晋江太平洋, 2014-08-24 14:10, 2014-08-24 14:10, 锦程, 新锦程2, , 
RDMU2008342, 20DC_E, 晋江太平洋, 2015-02-12 05:17, 2015-02-12 05:17, 锦程, 新锦程2, , 
RDMU2008342, 20DC_E, 晋江太平洋, 2015-01-29 12:43, 2015-01-29 12:43, 锦程, 新锦程12, 恒星三队, 
RDMU2008342, 20DC_F, 晋江太平洋, 2015-01-29 09:18, 2015-01-29 09:18, 锦程, 新锦程12, 恒星三队, 
RDMU2008342, 20DC_F, 晋江太平洋, 2015-01-27 15:41, 2015-01-27 15:41, 锦程, 新锦程12, , 
RDMU2008358, 20DC_F, 晋江太平洋, 2014-12-08 23:53, 2014-12-08 23:53, 锦程, 嘉荣36, , 
RDMU2008358, 20DC_F, 晋江太平洋, 2014-11-29 17:32, 2014-11-29 17:32, 锦程, 嘉荣36, , 
RDMU2008358, 20DC_F, 晋江太平洋, 2014-11-28 12:27, 2014-11-28 12:27, 锦程, 嘉荣36, 成发汽运, 
RDMU2008358, 20DC_F, 晋江太平洋, 2014-11-25 20:08, 2014-11-25 20:08, 锦程, 嘉荣36, , 
RDMU2008390, 20DC_F, 晋江太平洋, 2014-12-18 19:58, 2014-12-18 19:58, 锦程, 嘉荣36, 恒星车队, 
RDMU2008390, 20DC_F, 晋江太平洋, 2014-11-25 21:28, 2014-11-25 21:28, 锦程, 嘉荣36, , 
RDMU2008450, 20DC_F, 晋江太平洋, 2014-12-18 02:31, 2014-12-18 02:31, 锦程, 嘉荣36, , 
RDMU2008450, 20DC_F, 晋江太平洋, 2014-12-16 12:07, 2014-12-16 12:07, 锦程, 嘉荣36, 恒星车队, 
RDMU2008450, 20DC_F, 晋江太平洋, 2014-12-13 18:44, 2014-12-13 18:44, 锦程, 嘉荣36, , 
RDMU2008450, 20DC_F, 晋江太平洋, 2014-12-08 20:33, 2014-12-08 20:33, 锦程, 嘉荣36, , 
RDMU2008492, 20DC_F, 晋江太平洋, 2014-05-20 08:09, 2014-05-20 08:09, 锦程, 嘉荣36, , 
RDMU2008492, 20DC_F, 晋江太平洋, 2014-05-14 20:23, 2014-05-14 20:23, 锦程, 锦集7, , 
RDMU2008492, 20DC_F, 晋江太平洋, 2014-05-14 13:46, 2014-05-14 13:46, 锦程, 锦程3, , 
RDMU2008492, 20DC_F, 晋江太平洋, 2014-05-12 08:23, 2014-05-12 08:23, 锦程, 锦程3, , 
RDMU2008609, 20DC_E, 晋江太平洋, 2015-01-23 00:10, 2015-01-23 00:10, 锦程, 新锦程2, , 
RDMU2008609, 20DC_E, 晋江太平洋, 2015-01-14 12:04, 2015-01-14 12:04, 锦程, 新锦程1, 天洲车队, 
RDMU2008609, 20DC_F, 晋江太平洋, 2015-01-13 20:13, 2015-01-13 20:13, 锦程, 新锦程1, 天洲车队, 
RDMU2008609, 20DC_F, 晋江太平洋, 2015-01-13 18:46, 2015-01-13 18:46, 锦程, 新锦程1, , 
RDMU2008656, 20DC_E, 晋江太平洋, 2014-07-08 21:16, 2014-07-08 21:16, 锦程, 新锦程2, , 
RDMU2008656, 20DC_E, 晋江太平洋, 2014-06-24 03:41, 2014-06-24 03:41, 锦程, 嘉荣36, , 
RDMU2008698, 20DC_F, 晋江太平洋, 2015-02-03 14:08, 2015-02-03 14:08, 锦程, 新安源9, 成发汽运, 
RDMU2008698, 20DC_F, 晋江太平洋, 2015-01-31 15:36, 2015-01-31 15:36, 锦程, 新安源9, , 
RDMU2014520, 20DC_E, 晋江太平洋, 2014-09-16 22:41, 2014-09-16 22:41, 锦程, 嘉华6, , 
RDMU2014520, 20DC_E, 晋江太平洋, 2014-08-28 09:52, 2014-08-28 09:52, 锦程, 和畅158, 恒星车队, 
RDMU2014520, 20DC_F, 晋江太平洋, 2014-04-14 11:45, 2014-04-14 11:45, 锦程, 和畅158, , 
RDMU2014520, 20DC_F, 晋江太平洋, 2014-04-03 13:03, 2014-04-03 13:03, 锦程, 和畅158, , 
RDMU2014622, 20DC_F, 晋江太平洋, 2014-08-01 02:42, 2014-08-01 02:42, 锦程, 嘉荣36, , 
RDMU2014622, 20DC_F, 晋江太平洋, 2014-07-28 20:45, 2014-07-28 20:45, 锦程, 嘉荣36, 成发汽运, 
RDMU2014622, 20DC_F, 晋江太平洋, 2014-07-27 21:33, 2014-07-27 21:33, 锦程, 新锦程12, 成发汽运, 
RDMU2014622, 20DC_F, 晋江太平洋, 2014-07-21 18:59, 2014-07-21 18:59, 锦程, 新锦程12, , 
RDMU2014670, 20DC_E, 晋江太平洋, 2014-02-07 18:28, 2014-02-07 18:28, 锦程, 新锦程1, , 
RDMU2014670, 20DC_E, 晋江太平洋, 2014-01-23 11:18, 2014-01-23 11:18, 锦程, 新锦程1, 成发汽运, 
RDMU2014670, 20DC_F, 晋江太平洋, 2014-01-22 18:38, 2014-01-22 18:38, 锦程, 新锦程1, 成发汽运, 
RDMU2014670, 20DC_F, 晋江太平洋, 2014-01-18 10:52, 2014-01-18 10:52, 锦程, 新锦程1, , 
RDMU2014875, 20DC_E, 晋江太平洋, 2014-07-25 03:51, 2014-07-25 03:51, 锦程, 新锦程2, , 
RDMU2014875, 20DC_E, 晋江太平洋, 2014-07-16 16:55, 2014-07-16 16:55, 锦程, 新锦程2, , 
RDMU2014875, 20DC_F, 晋江太平洋, 2014-07-15 16:20, 2014-07-15 16:20, 锦程, 新锦程2, , 
RDMU2014875, 20DC_F, 晋江太平洋, 2014-07-08 16:02, 2014-07-08 16:02, 锦程, 新锦程2, , 
RDMU2014941, 20DC_E, 晋江太平洋, 2014-11-11 13:47, 2014-11-11 13:47, 锦程, 新锦程12, , 
RDMU2014941, 20DC_E, 晋江太平洋, 2014-11-07 12:51, 2014-11-07 12:51, 锦程, 新锦程1, , 
RDMU2014941, 20DC_F, 晋江太平洋, 2014-11-07 09:35, 2014-11-07 09:35, 锦程, 新锦程1, , 
RDMU2014941, 20DC_F, 晋江太平洋, 2014-10-27 08:07, 2014-10-27 08:07, 锦程, 新锦程1, , 
RDMU2015146, 20DC_F, 晋江太平洋, 2015-04-27 01:26, 2015-04-27 01:26, 中良海运, 丰顺68, , 
RDMU2015146, 20DC_F, 晋江太平洋, 2015-04-26 10:21, 2015-04-26 10:21, 中良海运, 昊运6, , 
RDMU2015193, 20DC_E, 晋江太平洋, 2015-01-22 23:58, 2015-01-22 23:58, 锦程, 新锦程2, , 
RDMU2015193, 20DC_E, 晋江太平洋, 2015-01-20 12:59, 2015-01-20 12:59, 锦程, 新锦程1, , 
RDMU2015193, 20DC_F, 晋江太平洋, 2015-01-20 10:56, 2015-01-20 10:56, 锦程, 新锦程1, , 
RDMU2015193, 20DC_F, 晋江太平洋, 2015-01-13 15:14, 2015-01-13 15:14, 锦程, 新锦程1, , 
RDMU2015233, 20DC_E, 晋江太平洋, 2014-10-29 18:25, 2014-10-29 18:25, 锦程, 新锦程5, , 
RDMU2015233, 20DC_E, 晋江太平洋, 2014-10-27 08:18, 2014-10-27 08:18, 锦程, 新锦程12, 恒星三队, 
RDMU2015233, 20DC_F, 晋江太平洋, 2014-10-26 12:50, 2014-10-26 12:50, 锦程, 新锦程12, 恒星三队, 
RDMU2015233, 20DC_F, 晋江太平洋, 2014-10-23 10:20, 2014-10-23 10:20, 锦程, 新锦程12, , 
RDMU2015275, 20DC_F, 晋江太平洋, 2013-09-20 04:24, 2013-09-20 04:24, 锦程, 锦程3, , 
RDMU2015275, 20DC_F, 晋江太平洋, 2013-09-15 19:37, 2013-09-15 19:37, 锦程, 锦程3, 成发汽运, 
RDMU2015275, 20DC_F, 晋江太平洋, 2013-09-14 17:26, 2013-09-14 17:26, 锦程, 新锦程12, 成发汽运, 
RDMU2015275, 20DC_F, 晋江太平洋, 2013-09-14 08:20, 2013-09-14 08:20, 锦程, 新锦程12, , 
RDMU2015315, 20DC_F, 晋江太平洋, 2014-11-26 00:01, 2014-11-26 00:01, 锦程, 嘉荣36, , 
RDMU2015315, 20DC_F, 晋江太平洋, 2014-11-21 11:33, 2014-11-21 11:33, 锦程, 嘉荣36, , 
RDMU2015315, 20DC_F, 晋江太平洋, 2014-11-12 11:53, 2014-11-12 11:53, 锦程, 新盈盛, , 
RDMU2015315, 20DC_F, 晋江太平洋, 2014-10-25 09:41, 2014-10-25 09:41, 锦程, 新盈盛, 围头场拖, 
RDMU2015315, 20DC_F, 晋江太平洋, 2014-10-25 09:40, 2014-10-25 09:40, 和易, 新盈盛, 围头场拖, 
RDMU2015315, 20DC_F, 晋江太平洋, 2014-10-24 13:00, 2014-10-24 13:00, 和易, 新盈盛, , 
RDMU2015510, 20DC_E, 晋江太平洋, 2014-10-09 16:58, 2014-10-09 16:58, 锦程, 新锦程2, , 
RDMU2015510, 20DC_E, 晋江太平洋, 2014-09-18 16:17, 2014-09-18 16:17, 锦程, 嘉华6, 宏兴车队, 
RDMU2015510, 20DC_F, 晋江太平洋, 2014-09-18 08:53, 2014-09-18 08:53, 锦程, 嘉华6, 宏兴车队, 
RDMU2015510, 20DC_F, 晋江太平洋, 2014-09-16 21:10, 2014-09-16 21:10, 锦程, 嘉华6, , 
RDMU2006838, 20DC_E, 晋江太平洋, 2014-12-26 20:57, 2014-12-26 20:57, 锦程, 新锦程12, , 
RDMU2006838, 20DC_E, 晋江太平洋, 2014-12-22 09:30, 2014-12-22 09:30, 锦程, 新锦程2, 天洲车队, 
RDMU2006838, 20DC_F, 晋江太平洋, 2014-12-21 16:55, 2014-12-21 16:55, 锦程, 新锦程2, 天洲车队, 
RDMU2006838, 20DC_F, 晋江太平洋, 2014-12-14 02:55, 2014-12-14 02:55, 锦程, 新锦程2, , 
RDMU2006925, 20DC_F, 晋江太平洋, 2014-05-28 18:18, 2014-05-28 18:18, 锦程, 新锦程9, , 
RDMU2006925, 20DC_F, 晋江太平洋, 2014-05-27 10:48, 2014-05-27 10:48, 锦程, 新锦程9, 成发汽运, 
RDMU2006925, 20DC_F, 晋江太平洋, 2014-05-26 16:48, 2014-05-26 16:48, 锦程, 新锦程1, 成发汽运, 
RDMU2006925, 20DC_F, 晋江太平洋, 2014-05-21 02:46, 2014-05-21 02:46, 锦程, 新锦程1, , 
RDMU2007536, 20DC_E, 晋江太平洋, 2014-11-29 02:48, 2014-11-29 02:48, 锦程, 新锦程2, , 
RDMU2007536, 20DC_E, 晋江太平洋, 2014-11-27 14:57, 2014-11-27 14:57, 锦程, 嘉荣36, , 
RDMU2007536, 20DC_F, 晋江太平洋, 2014-11-26 16:31, 2014-11-26 16:31, 锦程, 嘉荣36, , 
RDMU2007536, 20DC_F, 晋江太平洋, 2014-11-25 23:28, 2014-11-25 23:28, 锦程, 嘉荣36, , 
RDMU2007557, 20DC_E, 晋江太平洋, 2014-05-24 21:36, 2014-05-24 21:36, 锦程, 新锦程2, , 
RDMU2007557, 20DC_E, 晋江太平洋, 2014-04-21 18:51, 2014-04-21 18:51, 锦程, 新锦程5, 天洲车队, 
RDMU2007557, 20DC_F, 晋江太平洋, 2014-04-21 16:07, 2014-04-21 16:07, 锦程, 新锦程5, 天洲车队, 
RDMU2007557, 20DC_F, 晋江太平洋, 2014-04-13 13:09, 2014-04-13 13:09, 锦程, 新锦程5, , 
RDMU2007665, 20DC_E, 晋江太平洋, 2015-02-12 07:34, 2015-02-12 07:34, 锦程, 新锦程2, , 
RDMU2007665, 20DC_E, 晋江太平洋, 2015-01-13 10:32, 2015-01-13 10:32, 锦程, 新锦程1, , 
RDMU2007710, 20DC_E, 晋江太平洋, 2014-10-09 16:35, 2014-10-09 16:35, 锦程, 新锦程2, , 
RDMU2007710, 20DC_E, 晋江太平洋, 2014-09-19 12:22, 2014-09-19 12:22, 锦程, 嘉荣36, 成发汽运, 
RDMU2007710, 20DC_F, 晋江太平洋, 2014-09-18 16:00, 2014-09-18 16:00, 锦程, 嘉荣36, 成发汽运, 
RDMU2007710, 20DC_F, 晋江太平洋, 2014-09-15 02:00, 2014-09-15 02:00, 锦程, 嘉荣36, , 
RDMU2007752, 20DC_F, 晋江太平洋, 2014-05-12 21:42, 2014-05-12 21:42, 锦程, 和畅158, , 
RDMU2007752, 20DC_F, 晋江太平洋, 2014-05-10 09:18, 2014-05-10 09:18, 锦程, 和畅158, 成发汽运, 
RDMU2007752, 20DC_F, 晋江太平洋, 2014-05-09 15:54, 2014-05-09 15:54, 锦程, 新锦程2, 成发汽运, 
RDMU2007752, 20DC_F, 晋江太平洋, 2014-05-07 14:17, 2014-05-07 14:17, 锦程, 新锦程2, , 
RDMU2007773, 20DC_E, 晋江太平洋, 2014-11-29 01:26, 2014-11-29 01:26, 锦程, 新锦程2, , 
RDMU2007773, 20DC_E, 晋江太平洋, 2014-11-26 10:14, 2014-11-26 10:14, 锦程, 嘉荣36, 恒星车队, 
RDMU2007773, 20DC_F, 晋江太平洋, 2014-11-25 12:48, 2014-11-25 12:48, 锦程, 嘉荣36, 恒星车队, 
RDMU2007773, 20DC_F, 晋江太平洋, 2014-11-11 22:07, 2014-11-11 22:07, 锦程, 嘉荣36, , 
RDMU2007829, 20DC_F, 晋江太平洋, 2014-01-11 18:33, 2014-01-11 18:33, 锦程, 锦集7, , 
RDMU2007829, 20DC_F, 晋江太平洋, 2014-01-10 17:15, 2014-01-10 17:15, 锦程, 锦集7, 成发汽运, 
RDMU2007829, 20DC_F, 晋江太平洋, 2014-01-09 17:31, 2014-01-09 17:31, 锦程, 新锦程1, 成发汽运, 
RDMU2007829, 20DC_F, 晋江太平洋, 2014-01-03 19:56, 2014-01-03 19:56, 锦程, 新锦程1, , 
RDMU2009478, 20DC_E, 晋江太平洋, 2014-03-25 12:39, 2014-03-25 12:39, 锦程, 新锦程1, , 
RDMU2009478, 20DC_E, 晋江太平洋, 2014-03-11 10:18, 2014-03-11 10:18, 锦程, 锦集7, 恒星三队, 
RDMU2009478, 20DC_F, 晋江太平洋, 2014-03-06 15:43, 2014-03-06 15:43, 锦程, 锦集7, 恒星三队, 
RDMU2009478, 20DC_F, 晋江太平洋, 2014-03-04 06:39, 2014-03-04 06:39, 锦程, 锦集7, , 
RDMU2009523, 20DC_E, 晋江太平洋, 2014-05-24 22:44, 2014-05-24 22:44, 锦程, 新锦程2, , 
RDMU2009523, 20DC_E, 晋江太平洋, 2014-05-07 12:32, 2014-05-07 12:32, 锦程, 新锦程1, , 
RDMU2009523, 20DC_F, 晋江太平洋, 2014-05-07 09:18, 2014-05-07 09:18, 锦程, 新锦程1, , 
RDMU2009523, 20DC_F, 晋江太平洋, 2014-05-06 18:02, 2014-05-06 18:02, 锦程, 新锦程1, , 
RDMU2009647, 20DC_F, 晋江太平洋, 2014-09-11 12:26, 2014-09-11 12:26, 锦程, 锦集7, , 
RDMU2009647, 20DC_F, 晋江太平洋, 2014-08-17 16:10, 2014-08-17 16:10, 锦程, 嘉荣36, 成发汽运, 
RDMU2009647, 20DC_F, 晋江太平洋, 2014-08-17 11:15, 2014-08-17 11:15, 锦程, 嘉华6, 成发汽运, 
RDMU2009647, 20DC_F, 晋江太平洋, 2014-08-07 16:39, 2014-08-07 16:39, 锦程, 嘉华6, , 
RDMU2009708, 20DC_F, 晋江太平洋, 2014-08-08 17:03, 2014-08-08 17:03, 锦程, 嘉荣36, , 
RDMU2009708, 20DC_F, 晋江太平洋, 2014-08-04 14:07, 2014-08-04 14:07, 锦程, 嘉荣36, , 
RDMU2009708, 20DC_F, 晋江太平洋, 2014-07-31 18:16, 2014-07-31 18:16, 锦程, 新锦程12, 华泰车队, 
RDMU2009708, 20DC_F, 晋江太平洋, 2014-07-21 18:36, 2014-07-21 18:36, 锦程, 新锦程12, , 
RDMU2009713, 20DC_F, 晋江太平洋, 2014-11-14 13:48, 2014-11-14 13:48, 锦程, 新锦程9, , 
RDMU2009713, 20DC_F, 晋江太平洋, 2014-11-11 09:54, 2014-11-11 09:54, 锦程, 新锦程12, , 
RDMU2009734, 20DC_F, 晋江太平洋, 2014-04-23 05:06, 2014-04-23 05:06, 锦程, 新锦程15, , 
RDMU2009734, 20DC_F, 晋江太平洋, 2014-04-16 09:53, 2014-04-16 09:53, 锦程, 新锦程2, , 
RDMU2009734, 20DC_F, 晋江太平洋, 2014-04-10 21:33, 2014-04-10 21:33, 锦程, 和畅158, 恒星车队, 
RDMU2009734, 20DC_F, 晋江太平洋, 2014-04-03 10:35, 2014-04-03 10:35, 锦程, 和畅158, , 
RDMU2009821, 20DC_E, 晋江太平洋, 2014-11-26 09:55, 2014-11-26 09:55, 锦程, 新锦程1, , 
RDMU2009821, 20DC_E, 晋江太平洋, 2014-11-16 14:39, 2014-11-16 14:39, 锦程, 新锦程12, 成发汽运, 
RDMU2009821, 20DC_F, 晋江太平洋, 2014-11-16 10:49, 2014-11-16 10:49, 锦程, 新锦程12, 成发汽运, 
RDMU2009821, 20DC_F, 晋江太平洋, 2014-11-11 10:54, 2014-11-11 10:54, 锦程, 新锦程12, , 
RDMU2009842, 20DC_E, 晋江太平洋, 2014-11-11 19:55, 2014-11-11 19:55, 锦程, 新锦程12, , 
RDMU2009842, 20DC_E, 晋江太平洋, 2014-11-03 12:18, 2014-11-03 12:18, 锦程, 新锦程5, , 
RDMU2009842, 20DC_F, 晋江太平洋, 2014-11-02 17:13, 2014-11-02 17:13, 锦程, 新锦程5, , 
RDMU2009842, 20DC_F, 晋江太平洋, 2014-10-29 14:40, 2014-10-29 14:40, 锦程, 新锦程5, , 
RDMU2009858, 20DC_E, 晋江太平洋, 2014-12-21 14:57, 2014-12-21 14:57, 锦程, 新锦程15, , 
RDMU2009858, 20DC_E, 晋江太平洋, 2014-12-18 01:06, 2014-12-18 01:06, 锦程, 嘉荣36, , 
RDMU2009903, 22/, 宁波北仑国际码头, , 2017-06-11 19:12, DXF, , , 
RDMU2009903, GP, 温州金洋集装箱码头, 2016-11-07 11:53, 2016-11-15 18:59, XF, HUI WAN 169, LONGWANXD, 
RDMU2009903, 20DC_F, 晋江太平洋, 2015-01-13 20:49, 2015-01-13 20:49, 锦程, 新锦程1, , 
RDMU2009903, 20DC_F, 晋江太平洋, 2015-01-04 19:44, 2015-01-04 19:44, 锦程, 新锦程2, , 
RDMU2009903, 20DC_F, 晋江太平洋, 2015-01-04 12:54, 2015-01-04 12:54, 锦程, 嘉荣36, , 
RDMU2009903, 20DC_F, 晋江太平洋, 2014-12-08 20:04, 2014-12-08 20:04, 锦程, 嘉荣36, , 
RDMU2009903, GP/通风箱, 江阴苏南国际集装箱码头, 2016-12-19 15:36, 2016-12-23 19:16, LX/宁波利信, XINHONGXIANG85/新鸿翔85, , 
RDMU2009903, GP/通风箱, 江阴苏南国际集装箱码头, 2016-12-24 15:59, 2016-01-05 21:36, LX/宁波利信, XINHONGXIANG85/新鸿翔85, , 
RDMU2009903, GP/通风箱, 江阴苏南国际集装箱码头, 2017-01-06 09:37, 2017-01-07 09:07, LX/宁波利信, HUIWAN169/惠湾169, , 
RDMU2009903, GP/通风箱, 江阴苏南国际集装箱码头, 2017-03-24 21:52, 2017-04-04 18:46, LX/宁波利信, BEIFANGMINGZHU/北方明珠, , 
RDMU2009903, GP/通风箱, 江阴苏南国际集装箱码头, 2017-04-05 13:44, 2017-04-12 12:34, LX/宁波利信, XIANGYI67/祥溢67, , 
RDMU2009903, 20DC_E, 泉州太平洋码头, 2016-05-08 21:10, , 2300, 9055, , 
RDMU2009903, 20DC_E, 泉州太平洋码头, 2016-04-24 11:23, , 2300, MC93435, , 
RDMU2009903, 20DC_F, 泉州太平洋码头, 2016-04-22 17:20, , 28111, MC93212, , 
RDMU2009903, 20DC_F, 泉州太平洋码头, 2016-04-17 14:37, , 28111, 9039, , 
RDMU2009924, 20DC_F, 晋江太平洋, 2014-08-07 17:08, 2014-08-07 17:08, 锦程, 嘉华6, , 
RDMU2009924, 20DC_F, 晋江太平洋, 2014-07-31 15:27, 2014-07-31 15:27, 锦程, 锦程3, , 
RDMU2009924, 20DC_F, 晋江太平洋, 2014-07-28 14:53, 2014-07-28 14:53, 锦程, 新锦程2, , 
RDMU2009924, 20DC_F, 晋江太平洋, 2014-07-24 21:39, 2014-07-24 21:39, 锦程, 新锦程2, , 
RDMU2009930, 20DC_F, 晋江太平洋, 2015-01-27 18:56, 2015-01-27 18:56, 锦程, 嘉华6, 恒星车队, 
RDMU2009930, 20DC_F, 晋江太平洋, 2015-01-15 00:34, 2015-01-15 00:34, 锦程, 嘉华6, , 
RDMU2010015, 20DC_E, 晋江太平洋, 2015-02-12 08:08, 2015-02-12 08:08, 锦程, 新锦程2, , 
RDMU2010015, 20DC_E, 晋江太平洋, 2015-02-07 17:47, 2015-02-07 17:47, 锦程, 嘉华3, 恒星车队, 
RDMU2010015, 20DC_F, 晋江太平洋, 2015-02-07 14:49, 2015-02-07 14:49, 锦程, 嘉华3, 恒星车队, 
RDMU2010015, 20DC_F, 晋江太平洋, 2015-02-01 09:09, 2015-02-01 09:09, 锦程, 嘉华3, , 
RDMU2010020, 20DC_E, 晋江太平洋, 2014-11-26 06:19, 2014-11-26 06:19, 锦程, 新锦程1, , 
RDMU2010020, 20DC_E, 晋江太平洋, 2014-11-11 16:39, 2014-11-11 16:39, 锦程, 新锦程12, 天洲车队, 
RDMU2010020, 20DC_F, 晋江太平洋, 2014-11-11 13:18, 2014-11-11 13:18, 锦程, 新锦程12, 天洲车队, 
RDMU2010020, 20DC_F, 晋江太平洋, 2014-11-11 09:32, 2014-11-11 09:32, 锦程, 新锦程12, , 
RDMU2010057, 20DC_F, 晋江太平洋, 2014-01-19 18:43, 2014-01-19 18:43, 锦程, 嘉荣36, , 
RDMU2010057, 20DC_F, 晋江太平洋, 2014-01-15 15:42, 2014-01-15 15:42, 锦程, 嘉荣36, 成发汽运, 
RDMU2010057, 20DC_F, 晋江太平洋, 2014-01-15 10:32, 2014-01-15 10:32, 锦程, 锦程3, 成发汽运, 
RDMU2010057, 20DC_F, 晋江太平洋, 2014-01-12 12:51, 2014-01-12 12:51, 锦程, 锦程3, , 
RDMU2010083, 20DC_E, 晋江太平洋, 2014-10-09 15:29, 2014-10-09 15:29, 锦程, 新锦程2, , 
RDMU2010083, 20DC_E, 晋江太平洋, 2014-09-29 12:22, 2014-09-29 12:22, 锦程, , 成发汽运, 
RDMU2010083, 20DC_F, 晋江太平洋, 2014-09-27 09:23, 2014-09-27 09:23, 锦程, 闽恒79, , 
RDMU2010083, 20DC_F, 晋江太平洋, 2014-09-15 21:59, 2014-09-15 21:59, 锦程, 闽恒79, , 
RDMU2010144, 20DC_E, 晋江太平洋, 2014-12-27 03:34, 2014-12-27 03:34, 锦程, 新锦程12, , 
RDMU2010144, 20DC_E, 晋江太平洋, 2014-10-30 12:34, 2014-10-30 12:34, 锦程, 新锦程1, , 
RDMU2010144, 20DC_F, 晋江太平洋, 2014-10-30 08:44, 2014-10-30 08:44, 锦程, 新锦程1, , 
RDMU2010144, 20DC_F, 晋江太平洋, 2014-10-27 08:07, 2014-10-27 08:07, 锦程, 新锦程1, , 
RDMU2010170, 20DC_E, 晋江太平洋, 2014-11-29 04:38, 2014-11-29 04:38, 锦程, 新锦程2, , 
RDMU2010170, 20DC_E, 晋江太平洋, 2014-11-14 13:51, 2014-11-14 13:51, 锦程, 嘉荣36, , 
RDMU2010170, 20DC_F, 晋江太平洋, 2014-11-13 16:27, 2014-11-13 16:27, 锦程, 嘉荣36, , 
RDMU2010170, 20DC_F, 晋江太平洋, 2014-11-11 21:55, 2014-11-11 21:55, 锦程, 嘉荣36, , 
RDMU2010273, 20DC_E, 晋江太平洋, 2015-02-12 08:14, 2015-02-12 08:14, 锦程, 新锦程2, , 
RDMU2010273, 20DC_E, 晋江太平洋, 2015-02-03 17:20, 2015-02-03 17:20, 锦程, 新锦程15, 恒星三队, 
RDMU2010273, 20DC_F, 晋江太平洋, 2015-02-03 13:53, 2015-02-03 13:53, 锦程, 新锦程15, 恒星三队, 
RDMU2010273, 20DC_F, 晋江太平洋, 2015-01-27 12:50, 2015-01-27 12:50, 锦程, 新锦程15, , 
RDMU2010334, 20DC_E, 晋江太平洋, 2014-11-11 15:46, 2014-11-11 15:46, 锦程, 新锦程12, , 
RDMU2010334, 20DC_E, 晋江太平洋, 2014-11-01 11:53, 2014-11-01 11:53, 锦程, 新锦程5, 恒星三队, 
RDMU2010334, 20DC_F, 晋江太平洋, 2014-10-31 17:39, 2014-10-31 17:39, 锦程, 新锦程5, 恒星三队, 
RDMU2010334, 20DC_F, 晋江太平洋, 2014-10-29 14:33, 2014-10-29 14:33, 锦程, 新锦程5, , 
RDMU2010360, 20DC_F, 晋江太平洋, 2014-10-18 18:16, 2014-10-18 18:16, 锦程, 嘉荣36, , 
RDMU2010360, 20DC_F, 晋江太平洋, 2014-10-18 16:27, 2014-10-18 16:27, 锦程, 嘉荣36, 成发汽运, 
RDMU2010360, 20DC_F, 晋江太平洋, 2014-05-14 10:10, 2014-05-14 10:10, 锦程, 锦程3, 天洲车队, 
RDMU2010360, 20DC_F, 晋江太平洋, 2014-05-12 08:35, 2014-05-12 08:35, 锦程, 锦程3, , 
RDMU2013138, 20DC_F, 晋江太平洋, 2014-07-27 18:57, 2014-07-27 18:57, 锦程, 新锦程1, , 
RDMU2013138, 20DC_F, 晋江太平洋, 2014-07-27 14:44, 2014-07-27 14:44, 锦程, 新锦程1, , 
RDMU2013159, 20DC_F, 晋江太平洋, 2013-05-21 06:07, 2013-05-21 06:07, 锦程, 嘉华6, , 
RDMU2013159, 20DC_F, 晋江太平洋, 2013-05-15 19:03, 2013-05-15 19:03, 锦程, 嘉华6, , 
RDMU2013159, 20DC_E, 晋江太平洋, 2013-05-15 12:21, 2013-05-15 12:21, 锦程, 嘉荣1, , 
RDMU2013159, 20DC_E, 晋江太平洋, 2013-05-11 09:22, 2013-05-11 09:22, 锦程, 新锦程5, , 
RDMU2013159, 20DC_F, 晋江太平洋, 2013-05-10 17:07, 2013-05-10 17:07, 锦程, 新锦程5, , 
RDMU2013159, 20DC_F, 晋江太平洋, 2013-05-04 10:34, 2013-05-04 10:34, 锦程, 新锦程5, , 
RDMU2013190, 20DC_E, 晋江太平洋, 2014-10-29 16:49, 2014-10-29 16:49, 锦程, 新锦程5, , 
RDMU2013190, 20DC_E, 晋江太平洋, 2014-10-25 13:02, 2014-10-25 13:02, 锦程, 新锦程12, 宏兴车队, 
RDMU2013190, 20DC_F, 晋江太平洋, 2014-10-25 09:07, 2014-10-25 09:07, 锦程, 新锦程12, 宏兴车队, 
RDMU2013190, 20DC_F, 晋江太平洋, 2014-10-23 09:51, 2014-10-23 09:51, 锦程, 新锦程12, , 
RDMU2013210, 20DC_F, 晋江太平洋, 2013-09-19 14:43, 2013-09-19 14:43, 锦程, 嘉荣36, , 
RDMU2013210, 20DC_F, 晋江太平洋, 2013-09-17 16:31, 2013-09-17 16:31, 锦程, 嘉荣36, , 
RDMU2013210, 20DC_F, 晋江太平洋, 2013-09-16 19:49, 2013-09-16 19:49, 锦程, 新锦程12, , 
RDMU2013210, 20DC_F, 晋江太平洋, 2013-09-14 01:44, 2013-09-14 01:44, 锦程, 新锦程12, , 
RDMU2013307, 20DC_E, 晋江太平洋, 2015-01-27 17:27, 2015-01-27 17:27, 锦程, 新锦程12, , 
RDMU2013307, 20DC_E, 晋江太平洋, 2015-01-23 14:02, 2015-01-23 14:02, 锦程, 锦程3, , 
RDMU2013307, 20DC_F, 晋江太平洋, 2015-01-22 15:12, 2015-01-22 15:12, 锦程, 锦程3, , 
RDMU2013307, 20DC_F, 晋江太平洋, 2015-01-13 09:42, 2015-01-13 09:42, 锦程, 锦程3, , 
RDMU2013333, 20DC_E, 晋江太平洋, 2013-11-03 05:39, 2013-11-03 05:39, 锦程, 新锦程2, , 
RDMU2013333, 20DC_E, 晋江太平洋, 2013-10-08 10:56, 2013-10-08 10:56, 锦程, 嘉荣1, , 
RDMU2013333, 20DC_F, 晋江太平洋, 2013-10-06 19:02, 2013-10-06 19:02, 锦程, 嘉荣1, , 
RDMU2013333, 20DC_F, 晋江太平洋, 2013-09-24 18:22, 2013-09-24 18:22, 锦程, 嘉荣1, , 
RDMU2013360, 20DC_E, 晋江太平洋, 2014-09-23 08:50, 2014-09-23 08:50, 锦程, 新锦程2, , 
RDMU2013360, 20DC_E, 晋江太平洋, 2014-09-17 19:23, 2014-09-17 19:23, 锦程, 嘉荣36, 恒星车队, 
RDMU2013360, 20DC_F, 晋江太平洋, 2014-09-16 20:13, 2014-09-16 20:13, 锦程, 嘉荣36, 恒星车队, 
RDMU2013360, 20DC_F, 晋江太平洋, 2014-09-15 00:04, 2014-09-15 00:04, 锦程, 嘉荣36, , 
RDMU2013689, 20DC_F, 晋江太平洋, 2014-06-09 19:30, 2014-06-09 19:30, 锦程, 新盈盛, , 
RDMU2013689, 20DC_F, 晋江太平洋, 2014-06-04 20:44, 2014-06-04 20:44, 锦程, 和畅158, 天洲车队, 
RDMU2013689, 20DC_F, 晋江太平洋, 2014-06-04 12:35, 2014-06-04 12:35, 锦程, 新锦程1, 天洲车队, 
RDMU2013689, 20DC_F, 晋江太平洋, 2014-05-21 02:40, 2014-05-21 02:40, 锦程, 新锦程1, , 
RDMU2013694, 20DC_E, 晋江太平洋, 2014-12-27 00:27, 2014-12-27 00:27, 锦程, 新锦程12, , 
RDMU2013694, 20DC_E, 晋江太平洋, 2014-12-25 15:28, 2014-12-25 15:28, 锦程, 新锦程1, , 
RDMU2013694, 20DC_F, 晋江太平洋, 2014-12-25 11:49, 2014-12-25 11:49, 锦程, 新锦程1, , 
RDMU2013694, 20DC_F, 晋江太平洋, 2014-12-21 15:02, 2014-12-21 15:02, 锦程, 新锦程1, , 
RDMU2013987, 20DC_E, 晋江太平洋, 2014-10-09 10:44, 2014-10-09 10:44, 锦程, 新锦程2, , 
RDMU2013987, 20DC_E, 晋江太平洋, 2014-10-03 14:09, 2014-10-03 14:09, 锦程, 新锦程2, , 
RDMU2013987, 20DC_F, 晋江太平洋, 2014-09-29 16:36, 2014-09-29 16:36, 锦程, 新锦程2, , 
RDMU2013987, 20DC_F, 晋江太平洋, 2014-09-23 03:30, 2014-09-23 03:30, 锦程, 新锦程2, , 
RDMU2014026, 20DC_E, 晋江太平洋, 2014-07-08 17:30, 2014-07-08 17:30, 锦程, 新锦程2, , 
RDMU2014026, 20DC_E, 晋江太平洋, 2014-06-24 06:22, 2014-06-24 06:22, 锦程, 嘉荣36, , 
RDMU2014031, 20DC_F, 晋江太平洋, 2014-04-23 06:13, 2014-04-23 06:13, 锦程, 新锦程15, , 
RDMU2014031, 20DC_F, 晋江太平洋, 2014-04-13 16:45, 2014-04-13 16:45, 锦程, 新锦程2, , 
RDMU2014031, 20DC_F, 晋江太平洋, 2014-04-10 12:57, 2014-04-10 12:57, 锦程, 新锦程2, 恒星车队, 
RDMU2014031, 20DC_F, 晋江太平洋, 2014-04-05 03:54, 2014-04-05 03:54, 锦程, 新锦程2, , 
RDMU2014047, 20DC_E, 晋江太平洋, 2015-01-13 21:25, 2015-01-13 21:25, 锦程, 新锦程1, , 
RDMU2014047, 20DC_E, 晋江太平洋, 2014-12-28 13:28, 2014-12-28 13:28, 锦程, 新锦程12, 宏兴车队, 
RDMU2014047, 20DC_F, 晋江太平洋, 2014-12-28 09:43, 2014-12-28 09:43, 锦程, 新锦程12, 宏兴车队, 
RDMU2014047, 20DC_F, 晋江太平洋, 2014-12-26 20:58, 2014-12-26 20:58, 锦程, 新锦程12, , 
RDMU2014052, 20DC_E, 晋江太平洋, 2014-05-28 21:21, 2014-05-28 21:21, 锦程, 新锦程9, , 
RDMU2014052, 20DC_E, 晋江太平洋, 2014-04-30 16:51, 2014-04-30 16:51, 锦程, 嘉荣36, , 
RDMU2014052, 20DC_F, 晋江太平洋, 2014-04-29 14:35, 2014-04-29 14:35, 锦程, 嘉荣36, , 
RDMU2014052, 20DC_F, 晋江太平洋, 2014-04-27 20:25, 2014-04-27 20:25, 锦程, 嘉荣36, , 
RDMU2014200, 20DC_E, 晋江太平洋, 2014-12-21 12:49, 2014-12-21 12:49, 锦程, 新锦程15, , 
RDMU2014200, 20DC_E, 晋江太平洋, 2014-12-18 00:36, 2014-12-18 00:36, 锦程, 嘉荣36, , 
RDMU2014330, 20DC_F, 晋江太平洋, 2014-11-14 10:40, 2014-11-14 10:40, 锦程, 新锦程9, , 
RDMU2014330, 20DC_F, 晋江太平洋, 2014-11-11 09:48, 2014-11-11 09:48, 锦程, 新锦程12, , 
RDMU2014469, 20DC_F, 晋江太平洋, 2015-02-07 12:53, 2015-02-07 12:53, 锦程, 新安源9, 天洲车队, 
RDMU2014469, 20DC_F, 晋江太平洋, 2015-01-31 15:36, 2015-01-31 15:36, 锦程, 新安源9, 围头场拖, 
RDMU2014540, 20DC_F, 晋江太平洋, 2014-08-07 05:52, 2014-08-07 05:52, 锦程, 新锦程2, , 
RDMU2014540, 20DC_F, 晋江太平洋, 2014-08-04 12:57, 2014-08-04 12:57, 锦程, 新锦程2, 成发汽运, 
RDMU2014540, 20DC_E, 晋江太平洋, 2014-08-01 16:09, 2014-08-01 16:09, 锦程, 锦程3, 成发汽运, 
RDMU2014540, 20DC_E, 晋江太平洋, 2014-07-27 15:25, 2014-07-27 15:25, 锦程, 新锦程12, , 
RDMU2014540, 20DC_F, 晋江太平洋, 2014-07-27 10:50, 2014-07-27 10:50, 锦程, 新锦程12, , 
RDMU2014540, 20DC_F, 晋江太平洋, 2014-07-21 16:14, 2014-07-21 16:14, 锦程, 新锦程12, , 
RDMU2014999, 20DC_E, 晋江太平洋, 2014-12-21 12:29, 2014-12-21 12:29, 锦程, 新锦程15, , 
RDMU2014999, 20DC_E, 晋江太平洋, 2014-12-15 16:51, 2014-12-15 16:51, 锦程, 新锦程2, 宏兴车队, 
RDMU2014999, 20DC_F, 晋江太平洋, 2014-12-15 12:34, 2014-12-15 12:34, 锦程, 新锦程2, 宏兴车队, 
RDMU2014999, 20DC_F, 晋江太平洋, 2014-12-14 03:55, 2014-12-14 03:55, 锦程, 新锦程2, , 
RDMU2018588, 20DC_E, 晋江太平洋, 2015-02-12 09:48, 2015-02-12 09:48, 锦程, 新锦程2, , 
RDMU2018588, 20DC_E, 晋江太平洋, 2015-02-01 16:49, 2015-02-01 16:49, 锦程, 新锦程15, 恒星三队, 
RDMU2018588, 20DC_F, 晋江太平洋, 2015-02-01 12:49, 2015-02-01 12:49, 锦程, 新锦程15, 恒星三队, 
RDMU2018588, 20DC_F, 晋江太平洋, 2015-01-27 09:27, 2015-01-27 09:27, 锦程, 新锦程15, , 
RDMU2018593, 20DC_E, 晋江太平洋, 2014-11-29 03:42, 2014-11-29 03:42, 锦程, 新锦程2, , 
RDMU2018593, 20DC_E, 晋江太平洋, 2014-11-26 16:54, 2014-11-26 16:54, 锦程, 新锦程1, 恒星车队, 
RDMU2018593, 20DC_F, 晋江太平洋, 2014-11-26 13:43, 2014-11-26 13:43, 锦程, 新锦程1, 恒星车队, 
RDMU2018593, 20DC_F, 晋江太平洋, 2014-11-26 01:25, 2014-11-26 01:25, 锦程, 新锦程1, , 
RDMU2018612, 20DC_E, 晋江太平洋, 2014-11-29 09:07, 2014-11-29 09:07, 锦程, 新锦程2, , 
RDMU2018612, 20DC_E, 晋江太平洋, 2014-11-12 11:58, 2014-11-12 11:58, 锦程, 嘉荣36, , 
RDMU2018612, 20DC_F, 晋江太平洋, 2014-11-11 19:41, 2014-11-11 19:41, 锦程, 嘉荣36, , 
RDMU2018612, 20DC_F, 晋江太平洋, 2014-11-02 16:36, 2014-11-02 16:36, 锦程, 嘉荣36, , 
RDMU2020380, 20DC_E, 晋江太平洋, 2013-12-15 19:57, 2013-12-15 19:57, 锦程, 嘉华6, , 
RDMU2020380, 20DC_E, 晋江太平洋, 2013-12-08 21:26, 2013-12-08 21:26, 锦程, 锦集7, , 
RDMU2020380, 20DC_F, 晋江太平洋, 2013-12-07 14:16, 2013-12-07 14:16, 锦程, 锦集7, , 
RDMU2020380, 20DC_F, 晋江太平洋, 2013-12-06 01:17, 2013-12-06 01:17, 锦程, 锦集7, , 
RDMU2020409, 20DC_F, 晋江太平洋, 2014-08-07 18:45, 2014-08-07 18:45, 锦程, 嘉华6, , 
RDMU2020409, 20DC_F, 晋江太平洋, 2014-07-25 20:38, 2014-07-25 20:38, 锦程, 锦程3, , 
RDMU2020409, 20DC_F, 晋江太平洋, 2014-07-25 12:53, 2014-07-25 12:53, 锦程, 新锦程12, , 
RDMU2020409, 20DC_F, 晋江太平洋, 2014-07-21 13:42, 2014-07-21 13:42, 锦程, 新锦程12, , 
RDMU2020477, 20DC_F, 晋江太平洋, 2013-09-20 04:37, 2013-09-20 04:37, 锦程, 锦程3, , 
RDMU2020477, 20DC_F, 晋江太平洋, 2013-09-16 15:32, 2013-09-16 15:32, 锦程, 锦程3, , 
RDMU2020477, 20DC_F, 晋江太平洋, 2013-09-15 20:05, 2013-09-15 20:05, 锦程, 新锦程12, , 
RDMU2020477, 20DC_F, 晋江太平洋, 2013-09-02 13:22, 2013-09-02 13:22, 锦程, 新锦程12, , 
RDMU2020482, 20DC_E, 晋江太平洋, 2014-06-11 21:46, 2014-06-11 21:46, 锦程, 新锦程5, , 
RDMU2020482, 20DC_E, 晋江太平洋, 2014-05-14 17:38, 2014-05-14 17:38, 锦程, 新锦程1, 成发汽运, 
RDMU2020482, 20DC_F, 晋江太平洋, 2014-05-14 13:53, 2014-05-14 13:53, 锦程, 新锦程1, 成发汽运, 
RDMU2020482, 20DC_F, 晋江太平洋, 2014-05-06 16:51, 2014-05-06 16:51, 锦程, 新锦程1, , 
RDMU2020517, 20DC_E, 晋江太平洋, 2015-02-12 05:59, 2015-02-12 05:59, 锦程, 新锦程2, , 
RDMU2020517, 20DC_E, 晋江太平洋, 2015-01-13 13:01, 2015-01-13 13:01, 锦程, 新锦程1, , 
RDMU2020728, 20DC_E, 晋江太平洋, 2014-10-29 18:24, 2014-10-29 18:24, 锦程, 新锦程5, , 
RDMU2020728, 20DC_E, 晋江太平洋, 2014-10-27 08:16, 2014-10-27 08:16, 锦程, 新锦程12, 宏兴车队, 
RDMU2020728, 20DC_F, 晋江太平洋, 2014-10-26 16:26, 2014-10-26 16:26, 锦程, 新锦程12, 宏兴车队, 
RDMU2020728, 20DC_F, 晋江太平洋, 2014-10-23 09:06, 2014-10-23 09:06, 锦程, 新锦程12, , 
RDMU2020733, 20DC_F, 晋江太平洋, 2015-04-27 01:21, 2015-04-27 01:21, 中良海运, 丰顺68, , 
RDMU2020733, 20DC_F, 晋江太平洋, 2015-04-26 10:27, 2015-04-26 10:27, 中良海运, 昊运6, , 
RDMU2020760, 20DC_F, 晋江太平洋, 2014-11-26 02:48, 2014-11-26 02:48, 锦程, 嘉荣36, , 
RDMU2020760, 20DC_F, 晋江太平洋, 2014-11-14 13:28, 2014-11-14 13:28, 锦程, 嘉荣36, 成发汽运, 
RDMU2020760, 20DC_F, 晋江太平洋, 2014-11-13 19:02, 2014-11-13 19:02, 锦程, 新锦程12, 成发汽运, 
RDMU2020760, 20DC_F, 晋江太平洋, 2014-11-11 08:44, 2014-11-11 08:44, 锦程, 新锦程12, , 
RDMU2020815, 20DC_E, 晋江太平洋, 2015-02-12 04:17, 2015-02-12 04:17, 锦程, 新锦程2, , 
RDMU2020815, 20DC_E, 晋江太平洋, 2015-01-31 17:55, 2015-01-31 17:55, 锦程, 新锦程12, , 
RDMU2020815, 20DC_F, 晋江太平洋, 2015-01-31 09:52, 2015-01-31 09:52, 锦程, 新锦程12, , 
RDMU2020815, 20DC_F, 晋江太平洋, 2015-01-27 14:36, 2015-01-27 14:36, 锦程, 新锦程12, , 
RDMU2020878, 20DC_F, 晋江太平洋, 2014-10-11 22:13, 2014-10-11 22:13, 锦程, 嘉荣36, , 
RDMU2020878, 20DC_F, 晋江太平洋, 2014-10-02 15:30, 2014-10-02 15:30, 锦程, 嘉荣36, , 
RDMU2020878, 20DC_F, 晋江太平洋, 2014-09-29 15:39, 2014-09-29 15:39, 锦程, 嘉荣36, , 
RDMU2020878, 20DC_F, 晋江太平洋, 2014-09-24 16:36, 2014-09-24 16:36, 锦程, 嘉荣36, , 
RDMU2021093, 20DC_E, 晋江太平洋, 2013-11-05 23:29, 2013-11-05 23:29, 锦程, 新锦程1, , 
RDMU2021093, 20DC_E, 晋江太平洋, 2013-10-23 12:15, 2013-10-23 12:15, 锦程, 新锦程12, , 
RDMU2021093, 20DC_F, 晋江太平洋, 2013-09-06 16:30, 2013-09-06 16:30, 锦程, 新锦程12, 宏兴车队, 
RDMU2021093, 20DC_F, 晋江太平洋, 2013-09-02 12:48, 2013-09-02 12:48, 锦程, 新锦程12, , 
RDMU2021299, 20DC_E, 晋江太平洋, 2013-10-09 01:04, 2013-10-09 01:04, 锦程, 新锦程2, , 
RDMU2021299, 20DC_E, 晋江太平洋, 2013-09-26 19:29, 2013-09-26 19:29, 锦程, 新锦程9, , 
RDMU2021299, 20DC_F, 晋江太平洋, 2013-09-25 18:04, 2013-09-25 18:04, 锦程, 新锦程9, , 
RDMU2021299, 20DC_F, 晋江太平洋, 2013-09-17 15:55, 2013-09-17 15:55, 锦程, 新锦程9, , 
RDMU2021323, 20DC_F, 晋江太平洋, 2015-04-27 01:02, 2015-04-27 01:02, 中良海运, 丰顺68, , 
RDMU2021323, 20DC_F, 晋江太平洋, 2015-04-26 09:36, 2015-04-26 09:36, 中良海运, 昊运6, , 
RDMU2021339, 20DC_F, 晋江太平洋, 2014-04-23 06:22, 2014-04-23 06:22, 锦程, 新锦程15, , 
RDMU2021339, 20DC_F, 晋江太平洋, 2014-04-13 15:27, 2014-04-13 15:27, 锦程, 新锦程2, , 
RDMU2021339, 20DC_F, 晋江太平洋, 2014-04-12 15:06, 2014-04-12 15:06, 锦程, 新锦程9, 成发汽运, 
RDMU2021339, 20DC_F, 晋江太平洋, 2014-04-01 18:42, 2014-04-01 18:42, 锦程, 新锦程9, , 
RDMU2021344, 20DC_E, 晋江太平洋, 2014-11-29 04:53, 2014-11-29 04:53, 锦程, 新锦程2, , 
RDMU2021344, 20DC_E, 晋江太平洋, 2014-11-14 10:59, 2014-11-14 10:59, 锦程, 新锦程12, 天洲车队, 
RDMU2021344, 20DC_F, 晋江太平洋, 2014-11-13 18:20, 2014-11-13 18:20, 锦程, 新锦程12, 天洲车队, 
RDMU2021344, 20DC_F, 晋江太平洋, 2014-11-11 13:17, 2014-11-11 13:17, 锦程, 新锦程12, , 
RDMU2021350, 20DC_E, 晋江太平洋, 2014-07-08 10:53, 2014-07-08 10:53, 锦程, 新锦程2, , 
RDMU2021350, 20DC_E, 晋江太平洋, 2014-07-08 08:37, 2014-07-08 08:37, 锦程, 新锦程12, , 
RDMU2021350, 20DC_F, 晋江太平洋, 2014-07-07 15:58, 2014-07-07 15:58, 锦程, 新锦程12, , 
RDMU2021350, 20DC_F, 晋江太平洋, 2014-07-06 19:51, 2014-07-06 19:51, 锦程, 新锦程12, , 
RDMU2012532, 20DC_E, 晋江太平洋, 2014-11-11 19:49, 2014-11-11 19:49, 锦程, 新锦程12, , 
RDMU2012532, 20DC_E, 晋江太平洋, 2014-11-03 12:18, 2014-11-03 12:18, 锦程, 新锦程1, 恒星三队, 
RDMU2012532, 20DC_F, 晋江太平洋, 2014-11-02 18:45, 2014-11-02 18:45, 锦程, 新锦程1, 恒星三队, 
RDMU2012532, 20DC_F, 晋江太平洋, 2014-10-27 08:26, 2014-10-27 08:26, 锦程, 新锦程1, , 
RDMU2015655, 20DC_E, 晋江太平洋, 2015-02-12 08:39, 2015-02-12 08:39, 锦程, 新锦程2, , 
RDMU2015655, 20DC_E, 晋江太平洋, 2015-02-03 10:00, 2015-02-03 10:00, 锦程, 新锦程12, 成发汽运, 
RDMU2015655, 20DC_F, 晋江太平洋, 2015-02-02 17:55, 2015-02-02 17:55, 锦程, 新锦程12, 成发汽运, 
RDMU2015655, 20DC_F, 晋江太平洋, 2015-01-27 13:23, 2015-01-27 13:23, 锦程, 新锦程12, , 
RDMU2015871, 20DC_E, 晋江太平洋, 2014-09-23 14:56, 2014-09-23 14:56, 锦程, 新锦程2, , 
RDMU2015871, 20DC_E, 晋江太平洋, 2014-08-28 17:17, 2014-08-28 17:17, 锦程, 嘉华6, 恒星车队, 
RDMU2015871, 20DC_F, 晋江太平洋, 2014-08-22 12:28, 2014-08-22 12:28, 锦程, 嘉华6, 恒星车队, 
RDMU2015871, 20DC_F, 晋江太平洋, 2014-08-21 19:51, 2014-08-21 19:51, 锦程, 嘉华6, , 
RDMU2015927, 20DC_F, 晋江太平洋, 2013-09-19 14:16, 2013-09-19 14:16, 锦程, 嘉荣36, , 
RDMU2015927, 20DC_F, 晋江太平洋, 2013-09-19 09:31, 2013-09-19 09:31, 锦程, 嘉荣36, 成发汽运, 
RDMU2015927, 20DC_F, 晋江太平洋, 2013-09-14 12:13, 2013-09-14 12:13, 锦程, 嘉荣36, 成发汽运, 
RDMU2015927, 20DC_F, 晋江太平洋, 2013-09-10 17:10, 2013-09-10 17:10, 锦程, 嘉荣36, , 
RDMU2015953, 20DC_F, 晋江太平洋, 2014-10-09 10:12, 2014-10-09 10:12, 锦程, 新锦程2, , 
RDMU2015953, 20DC_F, 晋江太平洋, 2014-10-06 15:06, 2014-10-06 15:06, 锦程, 新锦程2, 成发汽运, 
RDMU2015953, 20DC_F, 晋江太平洋, 2014-10-05 10:37, 2014-10-05 10:37, 锦程, 新锦程2, 成发汽运, 
RDMU2015953, 20DC_F, 晋江太平洋, 2014-09-07 01:17, 2014-09-07 01:17, 锦程, 新锦程2, , 
RDMU2016013, 20DC_E, 晋江太平洋, 2014-06-15 19:38, 2014-06-15 19:38, 锦程, 天祥13, , 
RDMU2016013, 20DC_E, 晋江太平洋, 2014-06-03 17:46, 2014-06-03 17:46, 锦程, 新锦程2, , 
RDMU2016013, 20DC_F, 晋江太平洋, 2014-06-03 13:32, 2014-06-03 13:32, 锦程, 新锦程2, , 
RDMU2016013, 20DC_F, 晋江太平洋, 2014-05-24 13:05, 2014-05-24 13:05, 锦程, 新锦程2, , 
RDMU2016060, 20DC_E, 晋江太平洋, 2014-02-07 20:50, 2014-02-07 20:50, 锦程, 新锦程1, , 
RDMU2016060, 20DC_E, 晋江太平洋, 2014-01-27 17:36, 2014-01-27 17:36, 锦程, 新锦程1, 天洲车队, 
RDMU2016060, 20DC_F, 晋江太平洋, 2014-01-27 13:36, 2014-01-27 13:36, 锦程, 新锦程1, 天洲车队, 
RDMU2016060, 20DC_F, 晋江太平洋, 2014-01-18 10:52, 2014-01-18 10:52, 锦程, 新锦程1, , 
RDMU2016137, 20DC_F, 晋江太平洋, 2013-04-27 15:33, 2013-04-27 15:33, 锦程, 锦程3, , 
RDMU2016137, 20DC_F, 晋江太平洋, 2013-04-25 17:00, 2013-04-25 17:00, 锦程, 锦程3, 成发汽运, 
RDMU2016137, 20DC_F, 晋江太平洋, 2013-04-21 11:52, 2013-04-21 11:52, 锦程, 锦集7, , 
RDMU2016137, 20DC_F, 晋江太平洋, 2013-04-13 19:44, 2013-04-13 19:44, 锦程, 锦集7, , 
RDMU2016245, 20DC_E, 晋江太平洋, 2014-06-07 09:05, 2014-06-07 09:05, 锦程, 新锦程2, , 
RDMU2016245, 20DC_E, 晋江太平洋, 2014-04-28 09:46, 2014-04-28 09:46, 锦程, 锦集7, 恒星车队, 
RDMU2016245, 20DC_F, 晋江太平洋, 2014-04-27 18:11, 2014-04-27 18:11, 锦程, 锦集7, 恒星车队, 
RDMU2016245, 20DC_F, 晋江太平洋, 2014-04-26 16:21, 2014-04-26 16:21, 锦程, 锦集7, , 
RDMU2017112, 20DC_F, 晋江太平洋, 2014-03-25 23:10, 2014-03-25 23:10, 锦程, 嘉华6, , 
RDMU2017112, 20DC_F, 晋江太平洋, 2014-03-23 12:54, 2014-03-23 12:54, 锦程, 嘉华6, , 
RDMU2017112, 20DC_F, 晋江太平洋, 2014-03-22 16:35, 2014-03-22 16:35, 锦程, 新锦程2, , 
RDMU2017112, 20DC_F, 晋江太平洋, 2014-03-21 03:27, 2014-03-21 03:27, 锦程, 新锦程2, , 
RDMU2017529, 20DC_E, 晋江太平洋, 2015-02-12 10:24, 2015-02-12 10:24, 锦程, 新锦程2, , 
RDMU2017529, 20DC_E, 晋江太平洋, 2015-01-27 18:05, 2015-01-27 18:05, 锦程, 锦程3, 天洲车队, 
RDMU2017529, 20DC_F, 晋江太平洋, 2015-01-22 16:22, 2015-01-22 16:22, 锦程, 锦程3, 天洲车队, 
RDMU2017529, 20DC_F, 晋江太平洋, 2015-01-13 13:17, 2015-01-13 13:17, 锦程, 锦程3, , 
RDMU2018700, 20DC_F, 晋江太平洋, 2014-08-08 15:22, 2014-08-08 15:22, 锦程, 嘉荣36, , 
RDMU2018700, 20DC_F, 晋江太平洋, 2014-08-06 11:16, 2014-08-06 11:16, 锦程, 嘉荣36, 恒星车队, 
RDMU2018700, 20DC_F, 晋江太平洋, 2014-07-30 18:20, 2014-07-30 18:20, 锦程, 嘉荣36, , 
RDMU2018700, 20DC_F, 晋江太平洋, 2014-06-24 07:38, 2014-06-24 07:38, 锦程, 嘉荣36, , 
RDMU2018715, 20DC_F, 晋江太平洋, 2014-05-16 15:14, 2014-05-16 15:14, 锦程, 新锦程5, , 
RDMU2018715, 20DC_F, 晋江太平洋, 2014-05-16 12:43, 2014-05-16 12:43, 锦程, 新锦程5, , 
RDMU2018715, 20DC_F, 晋江太平洋, 2014-05-12 16:42, 2014-05-12 16:42, 锦程, 锦集7, , 
RDMU2018715, 20DC_F, 晋江太平洋, 2014-05-05 01:46, 2014-05-05 01:46, 锦程, 锦集7, , 
RDMU2018720, 20DC_E, 晋江太平洋, 2014-05-24 21:09, 2014-05-24 21:09, 锦程, 新锦程2, , 
RDMU2018720, 20DC_E, 晋江太平洋, 2014-04-23 17:56, 2014-04-23 17:56, 锦程, 嘉华6, 恒星车队, 
RDMU2018720, 20DC_F, 晋江太平洋, 2014-04-21 11:51, 2014-04-21 11:51, 锦程, 嘉华6, 恒星车队, 
RDMU2018720, 20DC_F, 晋江太平洋, 2014-04-09 15:21, 2014-04-09 15:21, 锦程, 嘉华6, , 
RDMU2018757, 20DC_E, 晋江太平洋, 2014-12-21 14:31, 2014-12-21 14:31, 锦程, 新锦程15, , 
RDMU2018757, 20DC_E, 晋江太平洋, 2014-12-18 01:11, 2014-12-18 01:11, 锦程, 嘉荣36, , 
RDMU2018762, 20DC_F, 晋江太平洋, 2014-04-26 20:16, 2014-04-26 20:16, 锦程, 锦集7, , 
RDMU2018762, 20DC_F, 晋江太平洋, 2014-04-19 19:27, 2014-04-19 19:27, 锦程, 嘉荣36, 健德物流, 
RDMU2018762, 20DC_F, 晋江太平洋, 2014-04-17 19:40, 2014-04-17 19:40, 锦程, 新锦程5, 健德物流, 
RDMU2018762, 20DC_F, 晋江太平洋, 2014-04-13 14:47, 2014-04-13 14:47, 锦程, 新锦程5, , 
RDMU2018818, 20DC_F, 晋江太平洋, 2015-02-02 13:39, 2015-02-02 13:39, 锦程, 嘉华6, , 
RDMU2018818, 20DC_F, 晋江太平洋, 2015-01-14 22:11, 2015-01-14 22:11, 锦程, 嘉华6, , 
RDMU2018823, 20DC_F, 晋江太平洋, 2014-05-28 13:58, 2014-05-28 13:58, 锦程, 和畅158, , 
RDMU2018823, 20DC_F, 晋江太平洋, 2014-05-27 18:24, 2014-05-27 18:24, 锦程, 和畅158, , 
RDMU2018823, 20DC_F, 晋江太平洋, 2014-05-26 18:18, 2014-05-26 18:18, 锦程, 新锦程2, , 
RDMU2018823, 20DC_F, 晋江太平洋, 2014-05-24 08:04, 2014-05-24 08:04, 锦程, 新锦程2, , 
RDMU2018823, 20DC_F, 泉州太平洋码头, 2015-05-03 15:48, , 26400, 9055, , 
RDMU2018823, 20DC_F, 泉州太平洋码头, 2015-05-01 12:28, , 26400, MC68124, , 
RDMU2018839, 20DC_E, 晋江太平洋, 2014-07-25 06:07, 2014-07-25 06:07, 锦程, 新锦程2, , 
RDMU2018839, 20DC_E, 晋江太平洋, 2014-07-12 16:50, 2014-07-12 16:50, 锦程, 新锦程2, 宏兴车队, 
RDMU2018839, 20DC_F, 晋江太平洋, 2014-07-11 19:34, 2014-07-11 19:34, 锦程, 新锦程2, 宏兴车队, 
RDMU2018839, 20DC_F, 晋江太平洋, 2014-07-08 10:02, 2014-07-08 10:02, 锦程, 新锦程2, , 
RDMU2021832, 20DC_E, 晋江太平洋, 2014-02-07 18:53, 2014-02-07 18:53, 锦程, 新锦程1, , 
RDMU2021832, 20DC_E, 晋江太平洋, 2014-01-22 13:23, 2014-01-22 13:23, 锦程, 新锦程1, , 
RDMU2021832, 20DC_F, 晋江太平洋, 2014-01-21 16:13, 2014-01-21 16:13, 锦程, 新锦程1, , 
RDMU2021832, 20DC_F, 晋江太平洋, 2014-01-18 03:05, 2014-01-18 03:05, 锦程, 新锦程1, , 
RDMU2021848, 20DC_E, 晋江太平洋, 2014-11-12 00:14, 2014-11-12 00:14, 锦程, 新锦程12, , 
RDMU2021848, 20DC_E, 晋江太平洋, 2014-11-04 14:07, 2014-11-04 14:07, 锦程, 嘉荣36, 恒星三队, 
RDMU2021848, 20DC_F, 晋江太平洋, 2014-11-03 18:10, 2014-11-03 18:10, 锦程, 嘉荣36, 恒星三队, 
RDMU2021848, 20DC_F, 晋江太平洋, 2014-11-02 15:18, 2014-11-02 15:18, 锦程, 嘉荣36, , 
RDMU2010680, 20DC_F, 晋江太平洋, 2013-07-25 06:36, 2013-07-25 06:36, 锦程, 锦程3, , 
RDMU2010680, 20DC_F, 晋江太平洋, 2013-07-21 21:54, 2013-07-21 21:54, 锦程, 锦程3, , 
RDMU2010680, 20DC_F, 晋江太平洋, 2013-07-12 12:52, 2013-07-12 12:52, 锦程, 嘉华6, 成发汽运, 
RDMU2010680, 20DC_F, 晋江太平洋, 2013-07-09 18:53, 2013-07-09 18:53, 锦程, 嘉华6, , 
RDMU2021909, 20DC_E, 晋江太平洋, 2015-01-14 03:35, 2015-01-14 03:35, 锦程, 新锦程1, , 
RDMU2021909, 20DC_E, 晋江太平洋, 2014-12-30 14:39, 2014-12-30 14:39, 锦程, 新锦程12, , 
RDMU2021909, 20DC_F, 晋江太平洋, 2014-12-30 12:16, 2014-12-30 12:16, 锦程, 新锦程12, , 
RDMU2021909, 20DC_F, 晋江太平洋, 2014-12-26 12:43, 2014-12-26 12:43, 锦程, 新锦程12, , 
RDMU2021410, 20DC_E, 晋江太平洋, 2015-01-13 23:32, 2015-01-13 23:32, 锦程, 新锦程1, , 
RDMU2021410, 20DC_E, 晋江太平洋, 2014-12-27 12:01, 2014-12-27 12:01, 锦程, 新锦程12, 恒星三队, 
RDMU2021410, 20DC_F, 晋江太平洋, 2014-12-27 09:26, 2014-12-27 09:26, 锦程, 新锦程12, 恒星三队, 
RDMU2021410, 20DC_F, 晋江太平洋, 2014-12-26 20:01, 2014-12-26 20:01, 锦程, 新锦程12, , 
RDMU2021410, 20DC_F, 泉州太平洋码头, 2014-12-05 00:25, , 20000, 9035, , 
RDMU2021410, 20DC_F, 泉州太平洋码头, 2014-11-29 15:12, , 20000, 9033, , 
RDMU2021426, 20DC_F, 晋江太平洋, 2015-04-27 01:19, 2015-04-27 01:19, 中良海运, 丰顺68, , 
RDMU2021426, 20DC_F, 晋江太平洋, 2015-04-26 10:32, 2015-04-26 10:32, 中良海运, 昊运6, , 
RDMU2021529, GP, 温州金洋集装箱码头, 2013-05-31 08:53, 2013-06-02 11:08, NQ, XIANG YI 1, WULIAN, 
RDMU2021529, GP, 南京龙潭港, 2013-08-03 00:00, 2013-08-12 00:00, NQ, , 中海集999, 
RDMU2021529, 20DC_E, 晋江太平洋, 2014-06-23 16:23, 2014-06-23 16:23, 锦程, 新锦程5, , 
RDMU2021529, 20DC_E, 晋江太平洋, 2014-06-13 10:27, 2014-06-13 10:27, 锦程, 锦集7, 宏兴车队, 
RDMU2021529, 20DC_F, 晋江太平洋, 2014-06-12 19:05, 2014-06-12 19:05, 锦程, 锦集7, 宏兴车队, 
RDMU2021529, 20DC_F, 晋江太平洋, 2014-06-12 17:09, 2014-06-12 17:09, 锦程, 锦集7, , 
RDMU2021597, 20DC_E, 晋江太平洋, 2015-02-12 07:22, 2015-02-12 07:22, 锦程, 新锦程2, , 
RDMU2021597, 20DC_E, 晋江太平洋, 2015-01-13 10:40, 2015-01-13 10:40, 锦程, 新锦程1, , 
RDMU2021200, 20DC_E, 晋江太平洋, 2015-01-22 23:22, 2015-01-22 23:22, 锦程, 新锦程2, , 
RDMU2021200, 20DC_E, 晋江太平洋, 2015-01-22 10:13, 2015-01-22 10:13, 锦程, 锦程3, 成发汽运, 
RDMU2021200, 20DC_F, 晋江太平洋, 2015-01-21 16:22, 2015-01-21 16:22, 锦程, 锦程3, 成发汽运, 
RDMU2021200, 20DC_F, 晋江太平洋, 2015-01-13 14:06, 2015-01-13 14:06, 锦程, 锦程3, , 
RDMU2021180, 20DC_F, 晋江太平洋, 2014-08-08 15:24, 2014-08-08 15:24, 锦程, 嘉荣36, , 
RDMU2021180, 20DC_F, 晋江太平洋, 2014-08-08 10:47, 2014-08-08 10:47, 锦程, 嘉荣36, 恒星车队, 
RDMU2021180, 20DC_F, 晋江太平洋, 2014-08-04 18:28, 2014-08-04 18:28, 锦程, 新锦程12, 恒星车队, 
RDMU2021180, 20DC_F, 晋江太平洋, 2014-07-21 14:54, 2014-07-21 14:54, 锦程, 新锦程12, , 
RDMU2020944, 20DC_E, 晋江太平洋, 2015-01-22 23:47, 2015-01-22 23:47, 锦程, 新锦程2, , 
RDMU2020944, 20DC_E, 晋江太平洋, 2015-01-20 17:47, 2015-01-20 17:47, 锦程, 新锦程1, , 
RDMU2020944, 20DC_F, 晋江太平洋, 2015-01-20 16:06, 2015-01-20 16:06, 锦程, 新锦程1, , 
RDMU2020944, 20DC_F, 晋江太平洋, 2015-01-13 15:20, 2015-01-13 15:20, 锦程, 新锦程1, , 
RDMU2020965, 20DC_E, 晋江太平洋, 2014-11-11 19:44, 2014-11-11 19:44, 锦程, 新锦程12, , 
RDMU2020965, 20DC_E, 晋江太平洋, 2014-10-29 16:06, 2014-10-29 16:06, 锦程, 嘉荣36, , 
RDMU2020965, 20DC_F, 晋江太平洋, 2014-10-28 19:30, 2014-10-28 19:30, 锦程, 嘉荣36, , 
RDMU2020965, 20DC_F, 晋江太平洋, 2014-10-26 10:26, 2014-10-26 10:26, 锦程, 嘉荣36, , 
RDMU2021257, 20DC_E, 晋江太平洋, 2014-09-23 10:45, 2014-09-23 10:45, 锦程, 新锦程2, , 
RDMU2021257, 20DC_E, 晋江太平洋, 2014-07-28 08:31, 2014-07-28 08:31, 锦程, 锦程3, 天洲车队, 
RDMU2021257, 20DC_F, 晋江太平洋, 2014-07-27 19:49, 2014-07-27 19:49, 锦程, 锦程3, 天洲车队, 
RDMU2021257, 20DC_F, 晋江太平洋, 2014-07-15 20:50, 2014-07-15 20:50, 锦程, 锦程3, , 
RDMU2021262, 20DC_E, 晋江太平洋, 2014-01-09 00:53, 2014-01-09 00:53, 锦程, 新锦程9, , 
RDMU2021262, 20DC_E, 晋江太平洋, 2014-01-05 08:09, 2014-01-05 08:09, 锦程, 锦程3, , 
RDMU2021262, 20DC_F, 晋江太平洋, 2014-01-04 14:51, 2014-01-04 14:51, 锦程, 锦程3, , 
RDMU2021262, 20DC_F, 晋江太平洋, 2013-12-31 00:10, 2013-12-31 00:10, 锦程, 锦程3, , 
RDMU2021278, 20DC_F, 晋江太平洋, 2014-04-02 02:26, 2014-04-02 02:26, 锦程, 新锦程9, , 
RDMU2021278, 20DC_F, 晋江太平洋, 2014-03-31 14:53, 2014-03-31 14:53, 锦程, 新锦程9, 华泰车队, 
RDMU2021278, 20DC_F, 晋江太平洋, 2014-03-30 18:11, 2014-03-30 18:11, 锦程, 新锦程1, 华泰车队, 
RDMU2021278, 20DC_F, 晋江太平洋, 2014-03-25 02:13, 2014-03-25 02:13, 锦程, 新锦程1, , 
RDMU2018382, 20DC_F, 晋江太平洋, 2015-04-27 00:57, 2015-04-27 00:57, 中良海运, 丰顺68, , 
RDMU2018382, 20DC_F, 晋江太平洋, 2015-04-26 10:06, 2015-04-26 10:06, 中良海运, 昊运6, , 
RDMU2017067, 20DC_E, 晋江太平洋, 2014-01-12 14:01, 2014-01-12 14:01, 锦程, 锦程3, , 
RDMU2017067, 20DC_E, 晋江太平洋, 2014-01-11 17:03, 2014-01-11 17:03, 锦程, 嘉荣36, , 
RDMU2017067, 20DC_F, 晋江太平洋, 2014-01-10 17:18, 2014-01-10 17:18, 锦程, 嘉荣36, , 
RDMU2017067, 20DC_F, 晋江太平洋, 2014-01-08 10:06, 2014-01-08 10:06, 锦程, 嘉荣36, , 
RDMU2018401, 20DC_E, 晋江太平洋, 2014-07-08 23:41, 2014-07-08 23:41, 锦程, 新锦程2, , 
RDMU2018401, 20DC_E, 晋江太平洋, 2014-06-15 10:48, 2014-06-15 10:48, 锦程, 嘉华6, 宏兴车队, 
RDMU2018401, 20DC_F, 晋江太平洋, 2014-06-14 19:20, 2014-06-14 19:20, 锦程, 嘉华6, 宏兴车队, 
RDMU2018401, 20DC_F, 晋江太平洋, 2014-06-12 05:20, 2014-06-12 05:20, 锦程, 嘉华6, , 
RDMU2018470, 20DC_E, 晋江太平洋, 2014-09-23 20:34, 2014-09-23 20:34, 锦程, 新锦程2, , 
RDMU2018470, 20DC_E, 晋江太平洋, 2014-09-14 15:59, 2014-09-14 15:59, 锦程, 锦集7, 成发汽运, 
RDMU2018470, 20DC_F, 晋江太平洋, 2014-08-27 16:55, 2014-08-27 16:55, 锦程, 锦集7, 成发汽运, 
RDMU2018470, 20DC_F, 晋江太平洋, 2014-08-25 10:10, 2014-08-25 10:10, 锦程, 锦集7, , 
